name	mean	std	eyes	mouth	secs	config
base_asym	0.5766	0.0090	0.291	0.862	67	{"feat": "asym", "geo_encoder": "mlp", "loss": "corn", "ls": 0.1, "dropout": 0.2, "weight_decay": 0.05, "per_region_geo": true, "pr_marlin": {"eyes": 128, "mouth": 768, "binary": 256}, "drop_marlin": true, "trunk_layers": 3}
regasym	0.5994	0.0021	0.310	0.889	92	{"feat": "regasym", "geo_encoder": "mlp", "loss": "corn", "ls": 0.1, "dropout": 0.2, "weight_decay": 0.05, "per_region_geo": true, "pr_marlin": {"eyes": 128, "mouth": 768, "binary": 256}, "drop_marlin": true, "trunk_layers": 3}
regasym_cap128	0.6127	0.0105	0.337	0.888	105	{"feat": "regasym", "geo_encoder": "mlp", "loss": "corn", "ls": 0.1, "dropout": 0.2, "weight_decay": 0.05, "per_region_geo": true, "pr_marlin": {"eyes": 128, "mouth": 768, "binary": 256}, "drop_marlin": true, "trunk_layers": 3, "temporal_hidden": 128, "temporal_out": 96}
regasym_cap192	0.6165	0.0117	0.345	0.888	91	{"feat": "regasym", "geo_encoder": "mlp", "loss": "corn", "ls": 0.1, "dropout": 0.2, "weight_decay": 0.05, "per_region_geo": true, "pr_marlin": {"eyes": 128, "mouth": 768, "binary": 256}, "drop_marlin": true, "trunk_layers": 3, "temporal_hidden": 192, "temporal_out": 128}
regasym_tl2	0.6048	0.0104	0.320	0.889	81	{"feat": "regasym", "geo_encoder": "mlp", "loss": "corn", "ls": 0.1, "dropout": 0.2, "weight_decay": 0.05, "per_region_geo": true, "pr_marlin": {"eyes": 128, "mouth": 768, "binary": 256}, "drop_marlin": true, "trunk_layers": 2}
regasym_do3	0.6052	0.0029	0.318	0.893	88	{"feat": "regasym", "geo_encoder": "mlp", "loss": "corn", "ls": 0.1, "dropout": 0.3, "weight_decay": 0.05, "per_region_geo": true, "pr_marlin": {"eyes": 128, "mouth": 768, "binary": 256}, "drop_marlin": true, "trunk_layers": 3}
regasym_lweyes	0.6033	0.0036	0.318	0.889	80	{"feat": "regasym", "geo_encoder": "mlp", "loss": "corn", "ls": 0.1, "dropout": 0.2, "weight_decay": 0.05, "per_region_geo": true, "pr_marlin": {"eyes": 128, "mouth": 768, "binary": 256}, "drop_marlin": true, "trunk_layers": 3, "lw_eyes": 0.5}
regasym_expected	0.5936	0.0027	0.332	0.855	91	{"feat": "regasym", "geo_encoder": "mlp", "loss": "corn", "ls": 0.1, "dropout": 0.2, "weight_decay": 0.05, "per_region_geo": true, "pr_marlin": {"eyes": 128, "mouth": 768, "binary": 256}, "drop_marlin": true, "trunk_layers": 3, "decode": "expected"}
cap256	0.6259	0.0097	0.361	0.891	104	{"feat": "regasym", "geo_encoder": "mlp", "loss": "corn", "ls": 0.1, "per_region_geo": true, "pr_marlin": {"eyes": 128, "mouth": 768, "binary": 256}, "drop_marlin": true, "trunk_layers": 3, "dropout": 0.2, "weight_decay": 0.05, "temporal_hidden": 256, "temporal_out": 192}
cap384	0.6522	0.0098	0.401	0.904	114	{"feat": "regasym", "geo_encoder": "mlp", "loss": "corn", "ls": 0.1, "per_region_geo": true, "pr_marlin": {"eyes": 128, "mouth": 768, "binary": 256}, "drop_marlin": true, "trunk_layers": 3, "dropout": 0.2, "weight_decay": 0.05, "temporal_hidden": 384, "temporal_out": 256}
cap192_tr128	0.6248	0.0058	0.346	0.903	104	{"feat": "regasym", "geo_encoder": "mlp", "loss": "corn", "ls": 0.1, "per_region_geo": true, "pr_marlin": {"eyes": 128, "mouth": 768, "binary": 256}, "drop_marlin": true, "trunk_layers": 3, "dropout": 0.2, "weight_decay": 0.05, "temporal_hidden": 192, "temporal_out": 128, "trunk_hidden": 128}
cap256_tr160	0.6277	0.0086	0.354	0.902	117	{"feat": "regasym", "geo_encoder": "mlp", "loss": "corn", "ls": 0.1, "per_region_geo": true, "pr_marlin": {"eyes": 128, "mouth": 768, "binary": 256}, "drop_marlin": true, "trunk_layers": 3, "dropout": 0.2, "weight_decay": 0.05, "temporal_hidden": 256, "temporal_out": 192, "trunk_hidden": 160}
cap192_do3	0.6127	0.0087	0.328	0.898	147	{"feat": "regasym", "geo_encoder": "mlp", "loss": "corn", "ls": 0.1, "per_region_geo": true, "pr_marlin": {"eyes": 128, "mouth": 768, "binary": 256}, "drop_marlin": true, "trunk_layers": 3, "dropout": 0.3, "weight_decay": 0.05, "temporal_hidden": 192, "temporal_out": 128}
cap256_do3	0.6218	0.0026	0.354	0.889	150	{"feat": "regasym", "geo_encoder": "mlp", "loss": "corn", "ls": 0.1, "per_region_geo": true, "pr_marlin": {"eyes": 128, "mouth": 768, "binary": 256}, "drop_marlin": true, "trunk_layers": 3, "dropout": 0.3, "weight_decay": 0.05, "temporal_hidden": 256, "temporal_out": 192}
cap256_wd02	0.6268	0.0047	0.360	0.893	154	{"feat": "regasym", "geo_encoder": "mlp", "loss": "corn", "ls": 0.1, "per_region_geo": true, "pr_marlin": {"eyes": 128, "mouth": 768, "binary": 256}, "drop_marlin": true, "trunk_layers": 3, "dropout": 0.2, "weight_decay": 0.02, "temporal_hidden": 256, "temporal_out": 192}
cap256_wd10	0.6301	0.0025	0.360	0.900	162	{"feat": "regasym", "geo_encoder": "mlp", "loss": "corn", "ls": 0.1, "per_region_geo": true, "pr_marlin": {"eyes": 128, "mouth": 768, "binary": 256}, "drop_marlin": true, "trunk_layers": 3, "dropout": 0.2, "weight_decay": 0.1, "temporal_hidden": 256, "temporal_out": 192}
cap512	0.6554	0.0078	0.406	0.905	183	{"feat": "regasym", "geo_encoder": "mlp", "loss": "corn", "ls": 0.1, "per_region_geo": true, "pr_marlin": {"eyes": 128, "mouth": 768, "binary": 256}, "drop_marlin": true, "trunk_layers": 3, "dropout": 0.2, "weight_decay": 0.05, "temporal_hidden": 512, "temporal_out": 384}
cap512_do3	0.6615	0.0074	0.436	0.887	170	{"feat": "regasym", "geo_encoder": "mlp", "loss": "corn", "ls": 0.1, "per_region_geo": true, "pr_marlin": {"eyes": 128, "mouth": 768, "binary": 256}, "drop_marlin": true, "trunk_layers": 3, "dropout": 0.3, "weight_decay": 0.05, "temporal_hidden": 512, "temporal_out": 384}
cap512_do3_wd10	0.6548	0.0076	0.427	0.883	174	{"feat": "regasym", "geo_encoder": "mlp", "loss": "corn", "ls": 0.1, "per_region_geo": true, "pr_marlin": {"eyes": 128, "mouth": 768, "binary": 256}, "drop_marlin": true, "trunk_layers": 3, "dropout": 0.3, "weight_decay": 0.1, "temporal_hidden": 512, "temporal_out": 384}
cap768_do3_wd10	0.6740	0.0025	0.453	0.895	175	{"feat": "regasym", "geo_encoder": "mlp", "loss": "corn", "ls": 0.1, "per_region_geo": true, "pr_marlin": {"eyes": 128, "mouth": 768, "binary": 256}, "drop_marlin": true, "trunk_layers": 3, "dropout": 0.3, "weight_decay": 0.1, "temporal_hidden": 768, "temporal_out": 512}
cap384_do3	0.6440	0.0167	0.382	0.906	101	{"feat": "regasym", "geo_encoder": "mlp", "loss": "corn", "ls": 0.1, "per_region_geo": true, "pr_marlin": {"eyes": 128, "mouth": 768, "binary": 256}, "drop_marlin": true, "trunk_layers": 3, "dropout": 0.3, "weight_decay": 0.05, "temporal_hidden": 384, "temporal_out": 256}
cap384_do3_wd10	0.6464	0.0160	0.386	0.906	182	{"feat": "regasym", "geo_encoder": "mlp", "loss": "corn", "ls": 0.1, "per_region_geo": true, "pr_marlin": {"eyes": 128, "mouth": 768, "binary": 256}, "drop_marlin": true, "trunk_layers": 3, "dropout": 0.3, "weight_decay": 0.1, "temporal_hidden": 384, "temporal_out": 256}
cap384_tr192	0.6462	0.0100	0.389	0.903	242	{"feat": "regasym", "geo_encoder": "mlp", "loss": "corn", "ls": 0.1, "per_region_geo": true, "pr_marlin": {"eyes": 128, "mouth": 768, "binary": 256}, "drop_marlin": true, "trunk_layers": 3, "dropout": 0.2, "weight_decay": 0.05, "temporal_hidden": 384, "temporal_out": 256, "trunk_hidden": 192}
cap1024_do3_wd10	0.6665	0.0097	0.447	0.886	234	{"feat": "regasym", "geo_encoder": "mlp", "loss": "corn", "ls": 0.1, "per_region_geo": true, "pr_marlin": {"eyes": 128, "mouth": 768, "binary": 256}, "drop_marlin": true, "trunk_layers": 3, "dropout": 0.3, "weight_decay": 0.1, "temporal_hidden": 1024, "temporal_out": 640}
cap768_do3_wd10_gl2	0.6731	0.0201	0.445	0.901	293	{"feat": "regasym", "geo_encoder": "mlp", "loss": "corn", "ls": 0.1, "per_region_geo": true, "pr_marlin": {"eyes": 128, "mouth": 768, "binary": 256}, "drop_marlin": true, "trunk_layers": 3, "dropout": 0.3, "weight_decay": 0.1, "temporal_hidden": 768, "temporal_out": 512, "geo_layers": 2}
