participant_id,device,accuracy_deg,rms_precision_deg,data_loss,valid_trial_share,sampling_rate_hz
SYN-W-0001,webcam,1.255416,0.193681,0.123119,1.0,32.372761
SYN-W-0002,webcam,1.351645,0.579599,0.08448,0.966672,28.661677
SYN-W-0003,webcam,1.106592,0.432839,0.073085,0.916738,28.764776
SYN-W-0004,webcam,0.780441,0.411545,0.015556,0.956855,21.995193
SYN-W-0005,webcam,1.2685,0.501508,0.078987,0.965325,29.519637
SYN-W-0006,webcam,0.724211,0.417175,0.111117,0.988634,27.44171
SYN-W-0007,webcam,1.173858,0.493201,0.102299,0.938515,32.979263
SYN-W-0008,webcam,1.173585,0.509806,0.150896,0.901339,26.129718
SYN-W-0009,webcam,1.422897,0.606184,0.016209,0.993463,32.013632
SYN-W-0010,webcam,1.070548,0.246728,0.127221,0.939036,29.749496
SYN-W-0011,webcam,1.237304,0.31879,0.073219,0.964433,33.715563
SYN-W-0012,webcam,1.238011,0.333961,0.099195,0.929331,32.470231
SYN-W-0013,webcam,0.932528,0.493559,0.034344,0.987791,28.796414
SYN-W-0014,webcam,0.666865,0.525719,0.117139,0.959464,27.789644
SYN-W-0015,webcam,1.195407,0.286623,0.158731,0.923091,30.639427
SYN-W-0016,webcam,1.044772,0.569677,0.078241,0.937115,27.221893
SYN-W-0017,webcam,1.630304,0.533011,0.098913,0.979208,30.104686
SYN-W-0018,webcam,1.144592,0.365442,0.167695,1.0,27.27273
SYN-W-0019,webcam,1.160723,0.246358,0.060909,0.943398,27.463957
SYN-W-0020,webcam,0.460786,0.355883,0.076542,0.921394,29.187069
SYN-W-0021,webcam,1.471749,0.467854,0.102998,0.894276,28.805761
SYN-W-0022,webcam,1.365554,0.384657,0.03806,0.949293,30.23453
SYN-W-0023,webcam,0.788682,0.6208,0.035511,0.930795,32.894051
SYN-W-0024,webcam,0.887308,0.34119,0.020264,0.935608,29.764876
SYN-W-0025,webcam,1.216065,0.542161,0.074494,0.945445,32.0156
SYN-W-0026,webcam,0.620145,0.535039,0.014575,0.910096,27.65189
SYN-W-0027,webcam,0.901298,0.230038,0.107976,0.939767,29.317036
SYN-W-0028,webcam,1.283879,0.623161,0.128522,0.941912,29.447453
SYN-W-0029,webcam,0.973757,0.576557,0.0,0.885628,28.195937
SYN-W-0030,webcam,1.130831,0.3338,0.128671,0.916805,27.798589
SYN-W-0031,webcam,0.939411,0.340195,0.00091,0.911888,27.717445
SYN-W-0032,webcam,1.478181,0.588884,0.09811,0.958896,30.11721
SYN-W-0033,webcam,0.567541,0.500881,0.076146,0.930551,33.394281
SYN-W-0034,webcam,0.892598,0.851414,0.173932,0.957354,29.57037
SYN-W-0035,webcam,1.430481,0.489209,0.086346,0.898684,28.744145
SYN-W-0036,webcam,0.687224,0.427549,0.132141,0.932596,26.605815
SYN-W-0037,webcam,0.914604,0.127004,0.093576,0.923275,28.5914
SYN-W-0038,webcam,0.636637,0.488657,0.203451,0.919639,23.777451
SYN-W-0039,webcam,1.392031,0.496216,0.037267,0.933782,27.806195
SYN-W-0040,webcam,1.022707,0.385878,0.069332,0.964575,33.216091
SYN-W-0041,webcam,0.821024,0.608224,0.107578,0.936928,28.731021
SYN-W-0042,webcam,1.211819,0.412007,0.105029,0.956299,31.968487
SYN-W-0043,webcam,1.133486,0.793687,0.106891,0.882847,25.92041
SYN-W-0044,webcam,1.403258,0.679082,0.074162,0.92507,28.411651
SYN-W-0045,webcam,1.131564,0.606689,0.041411,0.926737,28.00364
SYN-W-0046,webcam,1.207235,0.500599,0.084297,0.984791,27.347476
SYN-W-0047,webcam,0.695032,0.58393,0.100803,0.965721,31.960943
SYN-W-0048,webcam,1.01685,0.613405,0.072329,0.940699,30.272505
SYN-W-0049,webcam,1.06431,0.661778,0.050426,0.932658,31.257489
SYN-W-0050,webcam,1.084438,0.474871,0.105249,0.903018,33.18917
SYN-W-0051,webcam,1.15368,0.503502,0.03672,0.94719,28.195527
SYN-W-0052,webcam,1.629082,0.329999,0.078431,0.914397,33.764508
SYN-W-0053,webcam,1.078147,0.34009,0.058075,0.976255,29.80681
SYN-W-0054,webcam,0.704975,0.522635,0.172156,0.900109,24.027763
SYN-W-0055,webcam,1.291131,0.623733,0.148567,0.930785,27.132458
SYN-W-0056,webcam,0.999903,0.265206,0.140232,0.971976,26.839577
SYN-W-0057,webcam,0.665823,0.328254,0.03723,1.0,29.309521
SYN-W-0058,webcam,1.565592,0.602907,0.117246,0.916331,31.50151
SYN-W-0059,webcam,1.666884,0.612202,0.13123,0.907492,32.005434
SYN-W-0060,webcam,1.520343,0.685801,0.117509,0.9165,28.664838
SYN-W-0061,webcam,0.801334,0.652047,0.099834,0.931933,34.718978
SYN-W-0062,webcam,1.366322,0.430979,0.083601,0.864375,29.541987
SYN-W-0063,webcam,1.249189,0.435867,0.067771,0.926954,26.843685
SYN-W-0064,webcam,1.220113,0.31085,0.044737,0.940515,26.118665
SYN-W-0065,webcam,0.77595,0.493841,0.096559,0.900632,30.62258
SYN-W-0066,webcam,0.970793,0.448578,0.121311,0.931985,27.271419
SYN-W-0067,webcam,1.404853,0.388162,0.096985,0.995052,29.865472
SYN-W-0068,webcam,1.224064,0.637814,0.13342,0.885183,25.701528
SYN-W-0069,webcam,1.222291,0.325925,0.063331,0.933235,28.493751
SYN-W-0070,webcam,1.248172,0.61376,0.05981,0.908866,27.344067
SYN-W-0071,webcam,1.059468,0.436911,0.025718,1.0,28.622334
SYN-W-0072,webcam,1.285994,0.527372,0.076779,0.934598,31.044172
SYN-W-0073,webcam,0.583074,0.44203,0.053775,0.904915,29.429774
SYN-W-0074,webcam,1.628982,0.620122,0.119435,0.973911,31.257123
SYN-W-0075,webcam,1.062031,0.527397,0.066899,0.932472,30.250686
SYN-W-0076,webcam,1.288474,0.429603,0.076543,0.923653,28.918154
SYN-W-0077,webcam,0.957994,0.636996,0.072329,0.92388,28.837038
SYN-W-0078,webcam,1.19261,0.554494,0.127818,0.949535,34.921881
SYN-W-0079,webcam,1.283825,0.446689,0.112676,0.950011,30.212862
SYN-W-0080,webcam,0.930235,0.481812,0.139364,0.990959,32.024715
SYN-W-0081,webcam,1.015847,0.574797,0.11181,0.903133,28.277131
SYN-W-0082,webcam,1.462148,0.295536,0.194008,0.854764,29.218642
SYN-W-0083,webcam,1.25375,0.591951,0.044781,0.906316,32.650343
SYN-W-0084,webcam,0.926992,0.56859,0.076213,0.863331,30.790555
SYN-W-0085,webcam,1.170067,0.445522,0.105207,0.936214,29.396869
SYN-W-0086,webcam,1.28473,0.670838,0.032628,0.98779,28.089491
SYN-W-0087,webcam,0.76519,0.49532,0.106735,0.921519,29.150403
SYN-W-0088,webcam,1.110182,0.402326,0.08429,0.863528,25.587515
SYN-W-0089,webcam,1.363536,0.496072,0.0,1.0,26.147358
SYN-W-0090,webcam,1.253253,0.578881,0.102437,0.984597,28.630126
SYN-W-0091,webcam,1.78094,0.451761,0.087726,0.953416,33.509101
SYN-W-0092,webcam,0.82652,0.667185,0.134656,0.916475,29.436249
SYN-W-0093,webcam,1.127329,0.637045,0.016336,0.928599,31.909221
SYN-W-0094,webcam,1.412667,0.538116,0.028991,0.952963,29.760426
SYN-W-0095,webcam,1.758168,0.317495,0.029804,0.932844,28.963361
SYN-W-0096,webcam,1.167945,0.645938,0.158873,0.916943,32.366018
SYN-W-0097,webcam,0.792876,0.47399,0.0,0.964658,30.208086
SYN-W-0098,webcam,1.249902,0.502946,0.109722,0.904387,26.633029
SYN-W-0099,webcam,0.855899,0.666111,0.088783,0.944296,27.368168
SYN-W-0100,webcam,1.766389,0.247642,0.061346,0.919944,31.955295
SYN-W-0101,webcam,1.054111,0.728583,0.107348,0.887705,31.862836
SYN-W-0102,webcam,1.447857,0.629382,0.12889,0.91835,29.525776
SYN-W-0103,webcam,1.254602,0.258986,0.064974,0.983656,33.425558
SYN-W-0104,webcam,1.20008,0.686547,0.091107,0.974436,29.080138
SYN-W-0105,webcam,1.459648,0.322651,0.000494,0.953018,28.657165
SYN-W-0106,webcam,1.24196,0.527187,0.133467,0.950807,30.30055
SYN-W-0107,webcam,0.985155,0.39606,0.110258,0.931938,29.246408
SYN-W-0108,webcam,0.801898,0.922973,0.098411,0.94024,30.914722
SYN-W-0109,webcam,1.678667,0.454036,0.06639,0.890115,28.706361
SYN-W-0110,webcam,0.932601,0.697524,0.018749,0.992953,32.720361
SYN-W-0111,webcam,0.89242,0.38061,0.172098,0.930265,34.372318
SYN-W-0112,webcam,0.951253,0.492051,0.054675,0.973669,28.898305
SYN-W-0113,webcam,0.5699,0.669854,0.0,0.9503,28.372695
SYN-W-0114,webcam,1.349483,0.557314,0.03999,0.943614,30.188145
SYN-W-0115,webcam,0.952948,0.4856,0.153994,0.927263,26.975122
SYN-W-0116,webcam,1.41569,0.479537,0.138404,0.909349,31.760741
SYN-W-0117,webcam,1.493192,0.727995,0.121966,0.942039,27.263841
SYN-W-0118,webcam,1.510755,0.56231,0.130559,0.96752,29.604413
SYN-W-0119,webcam,1.050444,0.704393,0.145762,0.935543,26.842668
SYN-W-0120,webcam,1.599728,0.357959,0.143614,0.946339,27.29178
SYN-W-0121,webcam,0.295886,0.687255,0.0,0.983421,27.625338
SYN-W-0122,webcam,1.623313,0.66669,0.147157,0.980523,26.858199
SYN-W-0123,webcam,0.977585,0.669664,0.080771,0.950896,31.794089
SYN-W-0124,webcam,1.27112,0.230487,0.066991,0.951545,32.692492
SYN-W-0125,webcam,0.846045,0.702805,0.067617,0.949657,26.699905
SYN-W-0126,webcam,1.004053,0.51043,0.033868,0.896554,30.563278
SYN-W-0127,webcam,1.013024,0.399852,0.104878,0.934693,27.995452
SYN-W-0128,webcam,1.073805,0.188869,0.123321,0.953527,30.103069
SYN-W-0129,webcam,1.162863,0.531448,0.068183,0.957846,28.156875
SYN-W-0130,webcam,1.510824,0.510572,0.083914,0.94041,24.055051
SYN-W-0131,webcam,1.507863,0.608451,0.097259,0.970418,29.286192
SYN-W-0132,webcam,0.974107,0.482936,0.123635,0.949091,31.944449
SYN-W-0133,webcam,1.3869,0.432618,0.034706,0.973253,36.525681
SYN-W-0134,webcam,0.762177,0.272078,0.14374,0.943696,28.820732
SYN-W-0135,webcam,1.058887,0.434193,0.076449,0.914691,28.880151
SYN-W-0136,webcam,0.945972,0.336424,0.139707,0.924506,30.614932
SYN-W-0137,webcam,1.122923,0.750577,0.192151,0.953538,31.618684
SYN-W-0138,webcam,0.876253,0.341172,0.036635,0.958683,30.788588
SYN-W-0139,webcam,0.940288,0.4915,0.102286,0.946649,28.540025
SYN-W-0140,webcam,1.021822,0.417026,0.103742,0.94164,31.523557
SYN-W-0141,webcam,0.709683,0.589639,0.048335,1.0,34.179589
SYN-W-0142,webcam,0.787408,0.492916,0.151581,0.971451,23.887192
SYN-W-0143,webcam,1.563175,0.419557,0.049527,0.934246,28.792276
SYN-W-0144,webcam,1.334016,0.539045,0.12165,0.984517,29.864866
SYN-W-0145,webcam,1.087928,0.542237,0.155074,0.970649,30.886727
SYN-W-0146,webcam,1.30397,0.561802,0.054522,0.99825,30.59459
SYN-W-0147,webcam,0.74659,0.496576,0.016353,0.965165,31.876861
SYN-W-0148,webcam,0.845598,0.665023,0.20244,0.904881,32.348141
SYN-W-0149,webcam,1.285328,0.518359,0.123949,0.961977,25.916773
SYN-W-0150,webcam,1.342416,0.389637,0.076492,0.981973,21.100971
SYN-W-0151,webcam,1.405003,0.270546,0.146619,0.925039,25.571666
SYN-W-0152,webcam,1.10973,0.612042,0.056987,0.972278,31.324225
SYN-W-0153,webcam,1.169222,0.493301,0.092598,0.910707,28.841648
SYN-W-0154,webcam,1.272449,0.800343,0.04171,0.921859,37.092065
SYN-W-0155,webcam,0.963062,0.474028,0.130969,0.913311,32.111306
SYN-W-0156,webcam,1.264167,0.480068,0.028952,0.905251,29.00927
SYN-W-0157,webcam,1.578791,0.417553,0.132508,0.961911,31.98835
SYN-W-0158,webcam,1.019528,0.299615,0.089701,0.965605,24.429641
SYN-W-0159,webcam,1.174996,0.447048,0.019328,0.946663,30.189813
SYN-W-0160,webcam,0.904968,0.451976,0.094239,0.901285,32.480837
SYN-W-0161,webcam,1.721826,0.58868,0.103549,0.931836,36.336414
SYN-W-0162,webcam,1.165359,0.218861,0.02488,0.971551,32.187786
SYN-W-0163,webcam,1.20804,0.475619,0.041421,0.933154,29.573955
SYN-W-0164,webcam,1.131548,0.565909,0.123013,0.955797,26.838954
SYN-W-0165,webcam,1.529643,0.370444,0.028689,0.888963,27.442523
SYN-W-0166,webcam,1.525206,0.732291,0.155797,0.933574,32.757794
SYN-W-0167,webcam,1.198472,0.846715,0.089243,0.909344,29.560885
SYN-W-0168,webcam,1.229284,0.49131,0.186036,0.948505,28.938171
SYN-W-0169,webcam,1.082635,0.48286,0.046372,0.956744,27.866852
SYN-W-0170,webcam,1.758779,0.554266,0.078584,0.869336,31.240762
SYN-W-0171,webcam,1.267801,0.716314,0.146804,0.902815,29.681135
SYN-W-0172,webcam,1.640146,0.33901,0.088142,0.945598,28.340617
SYN-W-0173,webcam,1.607152,0.367576,0.201699,0.919771,27.738193
SYN-W-0174,webcam,1.197223,0.406783,0.023912,0.885331,27.395126
SYN-W-0175,webcam,1.754179,0.65671,0.087059,0.940893,26.597953
SYN-W-0176,webcam,0.808434,0.34521,0.087715,0.961867,32.995102
SYN-W-0177,webcam,1.188449,0.405811,0.09501,0.947318,30.914719
SYN-W-0178,webcam,1.01294,0.651999,0.0,0.929202,32.257085
SYN-W-0179,webcam,1.30219,0.415495,0.04615,0.933281,25.601338
SYN-W-0180,webcam,0.745087,0.612047,0.120653,0.891875,32.109274
SYN-W-0181,webcam,0.738134,0.627631,0.0,0.87568,29.4812
SYN-W-0182,webcam,0.934537,0.690201,0.002919,0.945129,28.476905
SYN-W-0183,webcam,1.381238,0.475718,0.111637,0.870064,28.338303
SYN-W-0184,webcam,1.166791,0.537128,0.078021,0.922555,31.187884
SYN-W-0185,webcam,1.62537,0.604838,0.113834,0.952429,37.447574
SYN-W-0186,webcam,1.157299,0.723916,0.112763,0.89774,28.781997
SYN-W-0187,webcam,1.455254,0.545085,0.123909,0.970363,29.151149
SYN-W-0188,webcam,1.141868,0.617741,0.087076,0.899438,32.851316
SYN-W-0189,webcam,0.993748,0.256225,0.116145,1.0,26.912044
SYN-W-0190,webcam,1.10536,0.382164,0.036519,0.984121,29.808323
SYN-W-0191,webcam,1.379548,0.806153,0.100897,0.906182,26.821858
SYN-W-0192,webcam,0.941653,0.352227,0.050288,0.891144,33.78614
SYN-W-0193,webcam,1.367949,0.481501,0.004402,0.907434,28.635847
SYN-W-0194,webcam,0.765207,0.78949,0.031047,0.965947,27.636945
SYN-W-0195,webcam,1.309681,0.468245,0.187036,0.93578,29.692889
SYN-W-0196,webcam,1.366377,0.467115,0.139618,0.915246,33.352165
SYN-W-0197,webcam,1.495363,0.325561,0.041676,0.870517,33.701612
SYN-W-0198,webcam,1.450459,0.537234,0.113656,0.960366,27.286795
SYN-W-0199,webcam,1.049345,0.505118,0.119871,0.953045,34.052106
SYN-W-0200,webcam,0.915699,0.484126,0.046254,0.959455,27.925223
SYN-W-0201,webcam,1.379793,0.741871,0.093432,0.960996,36.461049
SYN-W-0202,webcam,1.335525,0.366626,0.058889,0.92062,31.652891
SYN-W-0203,webcam,1.203339,0.413447,0.009288,0.96884,29.628883
SYN-W-0204,webcam,1.780251,0.608366,0.146123,0.951364,33.075099
SYN-W-0205,webcam,1.41252,0.579459,0.188049,0.909107,28.392903
SYN-W-0206,webcam,0.767996,0.793336,0.093829,0.962749,29.117155
SYN-W-0207,webcam,1.220833,0.865776,0.194654,0.94814,29.698074
SYN-W-0208,webcam,1.165606,0.393202,0.112346,0.956682,29.534684
SYN-W-0209,webcam,1.167148,0.615146,0.130429,0.898206,30.23328
SYN-W-0210,webcam,1.355067,0.571435,0.071477,0.980918,32.914376
SYN-W-0211,webcam,0.705373,0.474676,0.06423,0.88292,30.477431
SYN-W-0212,webcam,1.250647,0.359842,0.023462,0.952458,29.449065
SYN-W-0213,webcam,1.298324,0.462215,0.090842,0.920106,31.962535
SYN-W-0214,webcam,1.109677,0.281199,0.086002,0.967172,32.293502
SYN-W-0215,webcam,1.124327,0.342817,0.058554,0.97361,30.531816
SYN-W-0216,webcam,1.047396,0.757764,0.13511,0.962171,26.508977
SYN-W-0217,webcam,0.985417,0.755914,0.14085,0.972209,29.456993
SYN-W-0218,webcam,1.106226,0.699845,0.152909,1.0,30.894982
SYN-W-0219,webcam,1.504026,0.593453,0.166474,0.897912,27.949083
SYN-W-0220,webcam,0.67312,0.541656,0.016221,0.914736,30.710737
SYN-W-0221,webcam,1.293905,0.650846,0.144893,0.867432,30.397923
SYN-W-0222,webcam,1.22696,0.77502,0.13532,0.936547,33.244522
SYN-W-0223,webcam,1.412485,0.517432,0.076919,0.973186,28.110158
SYN-W-0224,webcam,1.065897,0.437908,0.030555,0.950113,36.828575
SYN-W-0225,webcam,1.372691,0.455829,0.131861,0.948754,33.466235
SYN-W-0226,webcam,0.858952,0.356081,0.124786,0.896131,24.789232
SYN-W-0227,webcam,1.099435,0.539023,0.017525,0.89935,27.348108
SYN-W-0228,webcam,0.908246,0.422938,0.093129,0.958306,32.089264
SYN-W-0229,webcam,1.232392,0.616268,0.074015,0.919227,28.392491
SYN-W-0230,webcam,1.44401,0.477924,0.117745,0.953339,31.586867
SYN-W-0231,webcam,1.038737,0.525212,0.032668,0.938805,29.845357
SYN-W-0232,webcam,0.942223,0.490924,0.123653,0.971274,32.338099
SYN-W-0233,webcam,1.700068,0.460152,0.154627,0.885327,30.409851
SYN-W-0234,webcam,1.201667,0.531706,0.124189,0.94071,27.863124
SYN-W-0235,webcam,1.06718,0.633759,0.147066,0.9322,31.498185
SYN-W-0236,webcam,1.26526,0.701067,0.0,0.970304,25.738548
SYN-W-0237,webcam,0.861074,0.567801,0.05755,1.0,31.365341
SYN-W-0238,webcam,1.288532,0.628284,0.046498,0.924749,26.072422
SYN-W-0239,webcam,1.06712,0.627873,0.030614,0.914377,28.807294
SYN-W-0240,webcam,1.500925,0.512351,0.073953,0.91903,31.489966
SYN-W-0241,webcam,0.957603,0.594895,0.122984,0.91409,28.38815
SYN-W-0242,webcam,0.776626,0.711747,0.048004,0.865816,25.776146
SYN-W-0243,webcam,1.455459,0.511849,0.083566,0.931358,36.314859
SYN-W-0244,webcam,1.453627,0.428597,0.102285,0.945967,27.411276
SYN-W-0245,webcam,1.341124,0.316845,0.065202,0.919503,28.427375
SYN-W-0246,webcam,0.918052,0.489341,0.095585,0.940451,30.850228
SYN-W-0247,webcam,1.942699,0.518222,0.213266,0.887149,26.784592
SYN-W-0248,webcam,1.715,0.660561,0.162599,0.932291,31.456945
SYN-W-0249,webcam,1.431431,0.2469,0.074036,0.929833,23.851414
SYN-W-0250,webcam,1.004748,0.406412,0.118347,0.901851,31.361924
SYN-W-0251,webcam,1.144985,0.41586,0.102559,1.0,30.881862
SYN-W-0252,webcam,1.350937,0.517709,0.025856,0.985332,28.407396
SYN-W-0253,webcam,1.114827,0.454675,0.186282,0.965646,29.137958
SYN-W-0254,webcam,1.017236,0.530762,0.141046,0.92988,34.825477
SYN-W-0255,webcam,1.235666,0.586655,0.092029,0.892589,30.59977
SYN-W-0256,webcam,0.867896,0.636035,0.069645,0.953089,28.268324
SYN-W-0257,webcam,0.942823,0.596524,0.129238,0.951288,31.733858
SYN-W-0258,webcam,0.86703,0.993777,0.043177,0.922225,24.361611
SYN-W-0259,webcam,1.103491,0.43438,0.122348,0.931613,32.024226
SYN-W-0260,webcam,1.140829,0.337149,0.127284,0.983488,26.707055
SYN-W-0261,webcam,1.922186,0.701183,0.063461,0.90612,31.430022
SYN-W-0262,webcam,0.870203,0.5926,0.085579,0.865508,27.135679
SYN-W-0263,webcam,1.216527,0.466687,0.077185,0.941206,27.625123
SYN-W-0264,webcam,0.662798,0.575765,0.055865,0.975311,33.713191
SYN-W-0265,webcam,1.214092,0.43058,0.143358,0.943601,26.86937
SYN-W-0266,webcam,0.834019,0.652183,0.038873,0.914901,26.490087
SYN-W-0267,webcam,0.832179,0.222454,0.094518,0.973934,31.648017
SYN-W-0268,webcam,1.19152,0.505235,0.086542,0.957641,31.468276
SYN-W-0269,webcam,1.258898,0.526889,0.139604,0.913121,30.14748
SYN-W-0270,webcam,1.384524,0.392815,0.119851,0.878214,24.690467
SYN-W-0271,webcam,0.871798,0.536288,0.044165,0.937359,28.594241
SYN-W-0272,webcam,1.246213,0.452434,0.066934,1.0,28.094744
SYN-W-0273,webcam,0.971698,0.188402,0.042319,0.948593,26.997038
SYN-W-0274,webcam,1.007704,0.680781,0.142264,0.985116,34.982019
SYN-W-0275,webcam,0.616446,0.473603,0.078203,0.940143,29.143172
SYN-W-0276,webcam,1.462533,0.278715,0.073018,0.968782,27.674793
SYN-W-0277,webcam,1.090323,0.673962,0.112736,0.957847,33.935837
SYN-W-0278,webcam,0.554785,0.413504,0.081452,0.982661,30.156025
SYN-W-0279,webcam,0.996675,0.516101,0.160909,0.953521,31.692312
SYN-W-0280,webcam,0.742306,0.814255,0.073007,0.978729,26.772075
SYN-W-0281,webcam,0.800815,0.424335,0.116348,0.894811,31.055675
SYN-W-0282,webcam,1.160168,0.217325,0.048555,0.909366,31.481322
SYN-W-0283,webcam,1.118473,0.44861,0.043145,0.928696,33.296356
SYN-W-0284,webcam,1.039421,0.50398,0.109057,0.964147,31.226448
SYN-W-0285,webcam,0.695882,0.595323,0.111735,0.970736,30.023581
SYN-W-0286,webcam,0.81921,0.363449,0.128852,0.895743,33.127423
SYN-W-0287,webcam,0.716427,0.827706,0.10559,1.0,28.369167
SYN-W-0288,webcam,1.445053,0.369169,0.048165,1.0,27.623612
SYN-W-0289,webcam,0.981383,0.5411,0.0,0.957998,30.352491
SYN-W-0290,webcam,1.426899,0.494537,0.065286,0.9046,31.400588
SYN-W-0291,webcam,1.098679,0.54092,0.091215,0.991226,25.845314
SYN-W-0292,webcam,1.19053,0.691976,0.098616,0.92449,30.108507
SYN-W-0293,webcam,0.932162,0.323026,0.000876,0.976896,30.174069
SYN-W-0294,webcam,1.328008,0.553678,0.078661,0.954097,30.535046
SYN-W-0295,webcam,1.501255,0.579762,0.188456,0.930293,29.047638
SYN-W-0296,webcam,1.583584,0.523996,0.141047,0.964138,31.905519
SYN-W-0297,webcam,0.902459,0.567392,0.111082,0.933531,33.615919
SYN-W-0298,webcam,1.270298,0.620354,0.113976,0.927611,26.856677
SYN-W-0299,webcam,1.411256,0.514925,0.114821,0.927633,29.714969
SYN-W-0300,webcam,1.472171,0.642235,0.101818,0.964893,30.949079
SYN-W-0301,webcam,1.254072,0.663879,0.161936,0.954089,29.860913
SYN-W-0302,webcam,1.824036,0.378547,0.071836,0.974118,34.693201
SYN-W-0303,webcam,1.281711,0.502286,0.140522,0.974265,27.759365
SYN-W-0304,webcam,1.871525,0.346691,0.150371,0.995873,31.260929
SYN-W-0305,webcam,1.731689,0.449562,0.133003,0.988642,28.166095
SYN-W-0306,webcam,1.105186,0.541046,0.007015,0.96548,32.323111
SYN-W-0307,webcam,0.490271,0.376815,0.089782,0.887199,29.095253
SYN-W-0308,webcam,0.709707,0.391878,0.072688,0.966585,30.698881
SYN-W-0309,webcam,1.451321,0.694069,0.077059,0.930729,30.407448
SYN-W-0310,webcam,1.335951,0.769862,0.128212,0.944375,25.630901
SYN-W-0311,webcam,0.935937,0.361591,0.04888,0.963432,31.42993
SYN-W-0312,webcam,1.298796,0.098575,0.0,0.929542,26.177524
SYN-W-0313,webcam,1.168963,0.686434,0.143196,1.0,29.236283
SYN-W-0314,webcam,1.361677,0.471159,0.115576,0.900602,27.390324
SYN-W-0315,webcam,0.961934,0.564597,0.058066,0.875995,29.698104
SYN-W-0316,webcam,1.1273,0.777938,0.151359,0.966731,29.530131
SYN-W-0317,webcam,1.545862,0.526897,0.033883,0.866841,27.450299
SYN-W-0318,webcam,1.12416,0.824076,0.083993,0.928803,30.749323
SYN-W-0319,webcam,1.305044,0.291924,0.048752,1.0,29.920553
SYN-W-0320,webcam,0.783107,0.434311,0.087164,0.927529,31.656976
SYN-W-0321,webcam,0.923468,0.309877,0.026601,0.901607,29.729418
SYN-W-0322,webcam,0.828259,0.714658,0.169049,0.882135,29.476474
SYN-W-0323,webcam,1.399859,0.455537,0.136269,0.873609,29.203245
SYN-W-0324,webcam,1.820865,0.610769,0.174513,0.931796,25.531905
SYN-W-0325,webcam,1.197685,0.349621,0.135567,0.952342,27.59111
SYN-W-0326,webcam,1.307784,0.63547,0.038263,0.925657,31.837097
SYN-W-0327,webcam,1.02122,0.382835,0.119629,0.953995,33.260556
SYN-W-0328,webcam,1.149585,0.359179,0.075113,0.97091,27.322952
SYN-W-0329,webcam,1.266653,0.228585,0.12909,0.893946,29.682148
SYN-W-0330,webcam,0.915618,0.227181,0.0861,1.0,34.367
SYN-W-0331,webcam,1.091166,0.397063,0.083455,0.94439,31.374087
SYN-W-0332,webcam,1.265064,0.115865,0.101395,0.964731,30.89134
SYN-W-0333,webcam,1.147146,0.350165,0.134413,0.95715,30.31705
SYN-W-0334,webcam,0.976488,0.497469,0.15205,0.880619,32.397794
SYN-W-0335,webcam,0.935441,0.31695,0.164843,0.923741,26.895554
SYN-W-0336,webcam,0.826481,0.585285,0.150547,0.961132,31.72561
SYN-W-0337,webcam,0.734793,0.462024,0.173002,0.933187,29.609122
SYN-W-0338,webcam,0.808168,0.561084,0.105878,0.93611,29.489707
SYN-W-0339,webcam,0.98168,0.296772,0.0,0.919158,29.284835
SYN-W-0340,webcam,1.341562,0.382386,0.080705,0.996801,31.48117
SYN-W-0341,webcam,0.819686,0.580375,0.066811,0.93592,31.408842
SYN-W-0342,webcam,0.928704,0.625169,0.134758,0.941911,29.879963
SYN-W-0343,webcam,0.873359,0.630552,0.100122,0.964644,32.895423
SYN-W-0344,webcam,1.256363,0.428609,0.150915,0.875152,34.791692
SYN-W-0345,webcam,1.012443,0.548469,0.091699,0.976633,29.246971
SYN-W-0346,webcam,1.064339,0.557923,0.006424,0.958835,33.130852
SYN-W-0347,webcam,1.419164,0.591754,0.135075,0.942691,31.071451
SYN-W-0348,webcam,1.233088,0.413583,0.150035,0.93791,27.648581
SYN-W-0349,webcam,0.489728,0.384234,0.033869,0.907879,31.13371
SYN-W-0350,webcam,1.473706,0.596488,0.036288,0.974287,27.046209
SYN-W-0351,webcam,1.218161,0.289763,0.091777,0.929739,31.854045
SYN-W-0352,webcam,1.5,0.60919,0.139029,0.884182,33.110961
SYN-W-0353,webcam,1.07639,0.642907,0.094584,0.920635,28.003944
SYN-W-0354,webcam,0.335964,0.689846,0.136569,0.84026,34.022015
SYN-W-0355,webcam,1.455263,0.386089,0.068563,0.971595,30.799183
SYN-W-0356,webcam,0.753923,0.468045,0.0,0.974794,28.227844
SYN-W-0357,webcam,0.972025,0.503737,0.066748,0.911504,29.005461
SYN-W-0358,webcam,1.30096,0.394153,0.116494,0.896248,27.984324
SYN-W-0359,webcam,0.963304,0.489298,0.086673,0.978668,30.999208
SYN-W-0360,webcam,1.223631,0.475229,0.06915,0.936091,27.263341
SYN-W-0361,webcam,1.678652,0.442919,0.105023,0.951006,31.241662
SYN-W-0362,webcam,1.595414,0.331446,0.0,0.927797,25.765996
SYN-W-0363,webcam,0.82375,0.26969,0.160653,1.0,29.401884
SYN-W-0364,webcam,0.991227,0.650296,0.149264,0.99028,27.96328
SYN-W-0365,webcam,0.688615,0.477074,0.087408,0.927061,33.963719
SYN-W-0366,webcam,0.728078,0.581804,0.132378,0.931985,30.497536
SYN-W-0367,webcam,0.882025,0.624418,0.038925,0.944868,33.948247
SYN-W-0368,webcam,1.234001,0.604061,0.075654,0.947668,28.238213
SYN-W-0369,webcam,1.278029,0.35925,0.054887,0.933628,30.783286
SYN-W-0370,webcam,1.648797,0.549372,0.200922,0.996514,32.699244
SYN-W-0371,webcam,0.996652,0.380494,0.041083,0.958528,28.435454
SYN-W-0372,webcam,1.055308,0.44993,0.109563,0.903819,29.756173
SYN-W-0373,webcam,1.285063,0.958015,0.127336,0.900771,30.476628
SYN-W-0374,webcam,0.541295,0.612201,0.182885,0.921909,27.333585
SYN-W-0375,webcam,1.872564,0.301077,0.073234,0.906453,28.076044
SYN-W-0376,webcam,1.213846,0.565485,0.059577,0.927533,30.586197
SYN-W-0377,webcam,1.483108,0.459904,0.092104,0.979388,29.944355
SYN-W-0378,webcam,1.174712,0.603048,0.114642,0.914028,29.610726
SYN-W-0379,webcam,0.54405,0.587806,0.173277,0.913387,30.869261
SYN-W-0380,webcam,1.153599,0.412337,0.126182,0.979339,28.182959
SYN-W-0381,webcam,0.820971,0.65107,0.121901,1.0,34.06414
SYN-W-0382,webcam,1.073558,0.395704,0.093276,0.951396,28.920479
SYN-W-0383,webcam,1.599527,0.547903,0.096592,0.911397,26.991409
SYN-W-0384,webcam,1.454389,0.627318,0.143203,0.935573,34.264908
SYN-W-0385,webcam,0.620938,0.456651,0.102212,0.932426,29.825455
SYN-W-0386,webcam,0.990149,0.642411,0.109681,0.917218,29.948711
SYN-W-0387,webcam,0.935994,0.45506,0.18085,0.879395,28.109314
SYN-W-0388,webcam,0.55788,0.681679,0.138995,0.944179,29.202981
SYN-W-0389,webcam,0.762065,0.609024,0.114566,0.930496,27.275573
SYN-W-0390,webcam,1.041694,0.059817,0.127765,0.922068,34.122479
SYN-W-0391,webcam,0.786144,0.524686,0.149,0.911897,27.77477
SYN-W-0392,webcam,1.287725,0.459478,0.093069,0.903653,36.644231
SYN-W-0393,webcam,1.574365,0.484182,0.165329,0.894799,29.758391
SYN-W-0394,webcam,1.071877,0.470883,0.054176,0.902573,31.50037
SYN-W-0395,webcam,1.31654,0.405408,0.202412,0.939264,30.45034
SYN-W-0396,webcam,1.132487,0.548367,0.143493,1.0,33.170182
SYN-W-0397,webcam,1.13652,0.51693,0.176906,0.96115,34.064525
SYN-W-0398,webcam,1.327915,0.444286,0.118568,0.949927,27.96485
SYN-W-0399,webcam,0.838213,0.678429,0.142594,0.962624,34.407178
SYN-W-0400,webcam,1.260839,0.540192,0.164798,0.94214,32.154026
SYN-W-0401,webcam,0.724181,0.450946,0.064211,0.880772,26.678517
SYN-W-0402,webcam,1.370942,0.592448,0.17557,0.900694,33.330779
SYN-W-0403,webcam,0.912939,0.978716,0.083115,0.960794,30.551897
SYN-W-0404,webcam,1.070991,0.613322,0.078389,0.939621,28.737813
SYN-W-0405,webcam,1.05653,0.479541,0.089227,0.96506,28.631216
SYN-W-0406,webcam,1.311585,0.475612,0.038888,0.902552,29.073197
SYN-W-0407,webcam,1.293456,0.384849,0.093217,0.937155,28.916001
SYN-W-0408,webcam,1.245076,0.359744,0.011163,0.937666,31.264815
SYN-W-0409,webcam,0.681071,0.36206,0.062211,0.893702,32.602408
SYN-W-0410,webcam,1.310338,0.57172,0.139293,0.940094,27.061815
SYN-W-0411,webcam,1.482216,0.381825,0.110857,0.849567,30.040818
SYN-W-0412,webcam,1.517148,0.445836,0.047631,0.974091,32.872631
SYN-W-0413,webcam,1.091538,0.414868,0.096182,0.913586,27.568887
SYN-W-0414,webcam,1.003189,0.325965,0.040883,0.92522,30.638888
SYN-W-0415,webcam,1.176781,0.636982,0.035217,0.920437,33.217652
SYN-W-0416,webcam,1.049808,0.585975,0.075711,0.928415,36.460382
SYN-W-0417,webcam,0.976182,0.485901,0.077203,0.991417,29.782574
SYN-W-0418,webcam,0.999037,0.634001,0.016176,0.954175,31.893276
SYN-W-0419,webcam,1.470062,0.724447,0.049121,0.945297,30.458086
SYN-W-0420,webcam,0.824243,0.433423,0.090648,0.944036,29.293136
SYN-W-0421,webcam,1.167111,0.424667,0.121441,0.967095,30.509044
SYN-W-0422,webcam,1.15256,0.500282,0.053394,0.99086,26.39659
SYN-W-0423,webcam,1.726598,0.639961,0.07719,0.953034,28.397064
SYN-W-0424,webcam,0.453786,0.674699,0.053342,0.903663,23.572187
SYN-W-0425,webcam,1.114433,0.266372,0.135914,0.987153,35.044484
SYN-W-0426,webcam,1.080613,0.540175,0.133928,0.974046,29.551731
SYN-W-0427,webcam,1.199051,0.704239,0.076272,0.936006,25.494811
SYN-W-0428,webcam,1.336427,0.596107,0.080325,0.914849,24.269752
SYN-W-0429,webcam,0.986175,0.544362,0.08683,0.984153,32.854484
SYN-W-0430,webcam,1.214328,0.277449,0.130858,0.916857,33.126975
SYN-W-0431,webcam,0.911813,0.272537,0.115422,0.964162,28.491925
SYN-W-0432,webcam,0.901741,0.537317,0.137374,0.936588,33.591251
SYN-W-0433,webcam,1.239082,0.246757,0.034795,0.948085,28.660822
SYN-W-0434,webcam,1.402981,0.535807,0.099146,0.944928,31.256851
SYN-W-0435,webcam,0.650641,0.391911,0.115895,0.932849,31.20312
SYN-W-0436,webcam,1.124169,0.416043,0.065488,0.943221,32.709243
SYN-W-0437,webcam,1.056392,0.230972,0.150673,0.90547,26.518086
SYN-W-0438,webcam,0.781881,0.288707,0.086617,0.91927,30.583643
SYN-W-0439,webcam,0.92857,0.686117,0.0,0.934026,28.810518
SYN-W-0440,webcam,0.89871,0.509635,0.136477,0.915343,32.291339
SYN-W-0441,webcam,1.538266,0.475778,0.081716,0.906615,31.500101
SYN-W-0442,webcam,1.257004,0.267999,0.116212,0.941037,30.723972
SYN-W-0443,webcam,1.111523,0.497943,0.032113,0.946164,29.090486
SYN-W-0444,webcam,1.821025,0.701897,0.024794,0.932794,25.910691
SYN-W-0445,webcam,0.822152,0.524201,0.091102,0.978299,35.0376
SYN-W-0446,webcam,1.435174,0.513734,0.099851,0.925374,27.35456
SYN-W-0447,webcam,1.223448,0.208052,0.142452,0.925286,32.171647
SYN-W-0448,webcam,1.55904,0.577127,0.169755,0.960187,31.966346
SYN-W-0449,webcam,0.93634,0.548601,0.099848,0.925971,29.337508
SYN-W-0450,webcam,1.419589,0.437655,0.05306,0.93834,27.944666
SYN-W-0451,webcam,1.270173,0.349041,0.13249,0.93973,30.210141
SYN-W-0452,webcam,1.379337,0.468976,0.224143,0.854585,26.242534
SYN-W-0453,webcam,0.775475,0.468723,0.047629,0.951637,26.673394
SYN-W-0454,webcam,1.03512,0.482151,0.05552,0.949833,30.049931
SYN-W-0455,webcam,1.485969,0.520141,0.049774,1.0,30.542341
SYN-W-0456,webcam,1.050372,0.659968,0.157381,0.967822,32.629971
SYN-W-0457,webcam,0.672553,0.516215,0.015066,0.913057,33.97375
SYN-W-0458,webcam,1.240832,0.765752,0.075123,0.961059,25.974928
SYN-W-0459,webcam,1.467457,0.56349,0.0,0.956046,28.169857
SYN-W-0460,webcam,0.938637,0.62729,0.074193,0.957078,28.219021
SYN-W-0461,webcam,1.304616,0.392655,0.116617,0.98136,29.518643
SYN-W-0462,webcam,1.414207,0.398799,0.121824,0.907314,28.982763
SYN-W-0463,webcam,0.998186,0.339046,0.178931,0.944372,26.463879
SYN-W-0464,webcam,0.94873,0.561671,0.173294,0.958241,26.246118
SYN-W-0465,webcam,1.373943,0.691135,0.093229,0.950639,28.677416
SYN-W-0466,webcam,1.221064,0.615024,0.166052,0.88869,30.924942
SYN-W-0467,webcam,1.25268,0.599615,0.091319,0.917358,29.502543
SYN-W-0468,webcam,1.215882,0.281984,0.18128,0.967095,29.44517
SYN-W-0469,webcam,0.93849,0.685944,0.027622,0.953192,32.54941
SYN-W-0470,webcam,1.53295,0.361773,0.101705,0.927519,24.244864
SYN-W-0471,webcam,1.505724,0.59203,0.043471,0.991375,32.491739
SYN-W-0472,webcam,1.083273,0.551162,0.055262,0.939349,26.252077
SYN-W-0473,webcam,1.247143,0.477422,0.089687,0.975556,30.771821
SYN-W-0474,webcam,0.5999,0.78966,0.132859,0.917512,32.365851
SYN-W-0475,webcam,1.347892,0.451817,0.09169,0.966673,29.469237
SYN-W-0476,webcam,0.957298,0.445736,0.022628,0.928985,28.04991
SYN-W-0477,webcam,1.047763,0.732485,0.096438,0.964279,30.211731
SYN-W-0478,webcam,0.533288,0.466668,0.19941,0.853325,28.843505
SYN-W-0479,webcam,0.731209,0.316007,0.057295,0.964273,34.764563
SYN-W-0480,webcam,0.573865,0.30169,0.079933,0.973236,34.398174
SYN-W-0481,webcam,0.931562,0.490193,0.0934,0.941104,29.53362
SYN-W-0482,webcam,1.117764,0.371052,0.079588,0.948625,30.852818
SYN-W-0483,webcam,1.034755,0.642398,0.121418,0.983079,31.502146
SYN-W-0484,webcam,0.98631,0.362914,0.108815,0.895054,32.627999
SYN-W-0485,webcam,1.014492,0.360163,0.078346,0.968786,28.131138
SYN-W-0486,webcam,1.620477,0.602055,0.112695,0.963603,30.864803
SYN-W-0487,webcam,1.105001,0.47195,0.089527,0.873335,32.307003
SYN-W-0488,webcam,1.082769,0.650483,0.051661,0.974394,32.199877
SYN-W-0489,webcam,1.424405,0.579975,0.041826,0.906459,28.138467
SYN-W-0490,webcam,0.818374,0.654129,0.01757,0.899164,29.842196
SYN-W-0491,webcam,1.329388,0.635948,0.174859,0.990656,27.096812
SYN-W-0492,webcam,1.220057,0.392594,0.063912,0.952345,33.606643
SYN-W-0493,webcam,1.285496,0.423961,0.165178,0.925126,25.128627
SYN-W-0494,webcam,0.818869,0.414975,0.064573,0.925384,30.516246
SYN-W-0495,webcam,1.277555,0.634472,0.08934,0.924691,24.509303
SYN-W-0496,webcam,1.096616,0.330268,0.093668,0.888865,31.743127
SYN-W-0497,webcam,0.928544,0.655588,0.031789,0.970438,28.715337
SYN-W-0498,webcam,1.241172,0.462702,0.095583,0.941921,29.421829
SYN-W-0499,webcam,0.898213,0.489662,0.044119,0.930345,31.61452
SYN-W-0500,webcam,0.739908,0.554081,0.1516,0.936952,33.33919
SYN-P-0001,professional,0.763166,0.344615,0.058312,0.989059,123.975328
SYN-P-0002,professional,0.756395,0.244668,0.013389,0.953229,119.298867
SYN-P-0003,professional,0.623318,0.389081,0.019663,0.96763,121.427778
SYN-P-0004,professional,0.676962,0.272559,0.102202,0.977112,114.657822
SYN-P-0005,professional,0.977014,0.287865,0.002884,0.992916,126.084381
SYN-P-0006,professional,0.957233,0.370319,0.025335,0.982152,117.489134
SYN-P-0007,professional,0.659891,0.289594,0.052744,0.98797,118.833002
SYN-P-0008,professional,0.598634,0.20133,0.01963,0.950132,114.917388
SYN-P-0009,professional,0.700439,0.376226,0.039993,0.976856,118.850097
SYN-P-0010,professional,0.455798,0.327362,0.056162,0.988553,120.064661
SYN-P-0011,professional,0.562199,0.195772,0.043064,0.992375,122.033062
SYN-P-0012,professional,0.774919,0.282098,0.027949,1.0,118.11761
SYN-P-0013,professional,0.368197,0.229979,0.023775,0.959706,114.954102
SYN-P-0014,professional,0.618089,0.158429,0.038609,0.964599,110.051748
SYN-P-0015,professional,0.35412,0.272966,0.078681,1.0,124.877526
SYN-P-0016,professional,0.689776,0.082423,0.037361,1.0,119.622189
SYN-P-0017,professional,0.520979,0.211121,0.030184,0.971115,118.499914
SYN-P-0018,professional,0.464922,0.175852,0.048759,0.94838,123.445508
SYN-P-0019,professional,0.456602,0.253048,0.037249,0.965869,117.551262
SYN-P-0020,professional,0.520664,0.285919,0.038468,1.0,120.625041
SYN-P-0021,professional,0.689275,0.266532,0.068583,0.976107,115.772459
SYN-P-0022,professional,0.632196,0.305585,0.025605,0.986264,127.569977
SYN-P-0023,professional,0.854388,0.305907,0.040271,0.992791,119.105044
SYN-P-0024,professional,0.591046,0.271395,0.053359,0.973139,121.386189
SYN-P-0025,professional,0.308749,0.156336,0.07001,0.982464,119.471099
SYN-P-0026,professional,0.606855,0.200074,0.038411,0.985282,121.265444
SYN-P-0027,professional,0.348066,0.220729,0.040318,0.983725,118.18966
SYN-P-0028,professional,0.834923,0.247344,0.051432,0.96779,123.431611
SYN-P-0029,professional,0.414627,0.217848,0.03606,0.99905,121.841538
SYN-P-0030,professional,0.349557,0.234848,0.03576,0.97301,117.528454
SYN-P-0031,professional,0.655227,0.397894,0.053232,0.966472,121.930203
SYN-P-0032,professional,0.750192,0.185927,0.013238,0.986388,122.338948
SYN-P-0033,professional,1.067725,0.372121,0.053799,0.988545,125.028523
SYN-P-0034,professional,0.919483,0.315356,0.057794,0.972828,114.24106
SYN-P-0035,professional,0.679972,0.289814,0.043628,0.961374,122.183555
SYN-P-0036,professional,0.757078,0.279548,0.055562,0.98006,117.593653
SYN-P-0037,professional,0.519841,0.317804,0.024597,1.0,121.962635
SYN-P-0038,professional,0.678224,0.324506,0.02653,0.9661,119.904886
SYN-P-0039,professional,0.77936,0.318171,0.029662,0.992632,116.701603
SYN-P-0040,professional,0.456403,0.283287,0.0,0.983636,118.654783
SYN-P-0041,professional,0.664871,0.230046,0.038963,0.959668,122.188152
SYN-P-0042,professional,0.553846,0.24747,0.055375,0.997175,127.1865
SYN-P-0043,professional,0.338096,0.21227,0.032315,0.973003,122.100341
SYN-P-0044,professional,0.753533,0.238298,0.053504,0.972798,122.306374
SYN-P-0045,professional,0.814445,0.184312,0.043571,0.97214,116.405071
SYN-P-0046,professional,0.358254,0.318181,0.074411,0.976862,118.144414
SYN-P-0047,professional,0.921344,0.196934,0.01488,0.995653,121.870761
SYN-P-0048,professional,0.645535,0.280559,0.024211,0.956483,118.782228
SYN-P-0049,professional,0.560975,0.254783,0.051099,0.983387,128.016864
SYN-P-0050,professional,0.60056,0.19163,0.029801,0.975101,122.25313
SYN-P-0051,professional,0.472881,0.290622,0.013097,0.960795,119.124294
SYN-P-0052,professional,0.633056,0.248424,0.039162,0.971522,116.365049
SYN-P-0053,professional,0.587033,0.32996,0.029257,0.976625,119.212509
SYN-P-0054,professional,0.718994,0.42272,0.02596,0.990539,113.916731
SYN-P-0055,professional,0.50895,0.220151,0.031472,0.966524,114.961842
SYN-P-0056,professional,0.652566,0.270511,0.031052,0.979795,121.104454
SYN-P-0057,professional,0.784648,0.099179,0.043681,0.966377,119.456808
SYN-P-0058,professional,0.668896,0.302351,0.0497,0.994826,117.467735
SYN-P-0059,professional,0.771867,0.274426,0.024927,0.964234,114.82993
SYN-P-0060,professional,0.309529,0.05,0.040448,0.991961,115.482249
SYN-P-0061,professional,0.433237,0.25231,0.06485,0.960261,123.717964
SYN-P-0062,professional,0.817554,0.271584,0.028823,0.96245,124.643512
SYN-P-0063,professional,0.718698,0.188309,0.066446,0.99069,127.091619
SYN-P-0064,professional,0.523428,0.21798,0.026103,0.982105,123.469048
SYN-P-0065,professional,0.59882,0.205749,0.047888,0.966748,115.735593
SYN-P-0066,professional,0.515065,0.241392,0.064379,0.994154,122.584272
SYN-P-0067,professional,0.439356,0.174616,0.056663,1.0,115.169038
SYN-P-0068,professional,0.71102,0.287128,0.040992,0.957187,119.711655
SYN-P-0069,professional,0.571057,0.254722,0.057741,0.965151,122.790113
SYN-P-0070,professional,0.332728,0.321877,0.038351,0.976516,119.286495
SYN-P-0071,professional,0.305097,0.392826,0.018687,0.997887,120.495735
SYN-P-0072,professional,0.744365,0.347342,0.031383,0.988904,120.415628
SYN-P-0073,professional,0.554861,0.325519,0.040906,0.976246,119.098604
SYN-P-0074,professional,0.671756,0.147597,0.045461,0.999115,117.81855
SYN-P-0075,professional,0.407903,0.325447,0.010956,0.995541,108.519774
SYN-P-0076,professional,0.718537,0.251405,0.038277,0.983558,123.598748
SYN-P-0077,professional,0.672018,0.274558,0.034428,0.999271,116.041578
SYN-P-0078,professional,0.533087,0.262068,0.060594,0.964762,118.982841
SYN-P-0079,professional,0.519662,0.259364,0.057145,0.987594,123.68538
SYN-P-0080,professional,0.720055,0.257996,0.071409,0.971591,121.880532
SYN-P-0081,professional,0.938928,0.416931,0.016689,0.991238,123.123718
SYN-P-0082,professional,0.800272,0.246793,0.050971,0.959176,116.077852
SYN-P-0083,professional,0.816981,0.232215,0.07173,0.963749,118.31386
SYN-P-0084,professional,0.535562,0.368189,0.087271,0.983076,127.534832
SYN-P-0085,professional,0.625577,0.330719,0.061006,0.997379,114.75494
SYN-P-0086,professional,0.682233,0.229086,0.044714,0.977365,119.153259
SYN-P-0087,professional,0.472087,0.153572,0.054691,0.973372,119.858772
SYN-P-0088,professional,0.752323,0.294982,0.036477,0.989951,121.192793
SYN-P-0089,professional,0.607224,0.2049,0.067842,0.990367,126.942729
SYN-P-0090,professional,0.423828,0.275773,0.043103,0.969453,120.467026
SYN-P-0091,professional,0.464193,0.279646,0.057303,0.978815,116.546435
SYN-P-0092,professional,0.849519,0.333554,0.012132,0.988774,116.754051
SYN-P-0093,professional,0.566898,0.322999,0.015862,0.972368,120.737479
SYN-P-0094,professional,0.757274,0.190307,0.035498,0.979594,124.060533
SYN-P-0095,professional,0.50218,0.433612,0.052814,0.983463,124.021809
SYN-P-0096,professional,0.700514,0.411253,0.025956,0.965794,111.831914
SYN-P-0097,professional,0.587131,0.342911,0.015049,0.976575,112.470244
SYN-P-0098,professional,0.627637,0.287119,0.046141,1.0,121.670464
SYN-P-0099,professional,0.349902,0.110896,0.067445,0.975221,120.325948
SYN-P-0100,professional,0.315966,0.393319,0.008404,0.977901,126.401936
SYN-P-0101,professional,0.792711,0.269171,0.058222,0.957747,125.102831
SYN-P-0102,professional,0.735204,0.44119,0.039323,0.965536,124.673435
SYN-P-0103,professional,0.500931,0.389533,0.096573,0.986529,115.68353
SYN-P-0104,professional,0.523662,0.406278,0.044648,1.0,119.318696
SYN-P-0105,professional,0.640105,0.187752,0.022545,0.949955,115.726339
SYN-P-0106,professional,0.618798,0.320139,0.040255,0.963754,115.303614
SYN-P-0107,professional,0.380549,0.356263,0.057467,1.0,122.415016
SYN-P-0108,professional,0.379479,0.213784,0.059158,0.99309,120.501235
SYN-P-0109,professional,0.711476,0.363825,0.035661,0.94752,117.569602
SYN-P-0110,professional,0.576182,0.127609,0.032589,0.968937,122.144934
SYN-P-0111,professional,0.704078,0.087471,0.042823,0.978538,118.066915
SYN-P-0112,professional,0.741361,0.160458,0.049247,0.980178,118.005603
SYN-P-0113,professional,0.781957,0.324351,0.052229,0.963641,120.070963
SYN-P-0114,professional,0.497504,0.226555,0.026844,0.97239,116.252289
SYN-P-0115,professional,0.651269,0.099512,0.032516,0.977967,118.830082
SYN-P-0116,professional,0.543848,0.292005,0.025263,0.959154,121.188552
SYN-P-0117,professional,0.767288,0.237054,0.043165,0.972751,122.036864
SYN-P-0118,professional,0.569347,0.366516,0.074612,0.977955,116.717145
SYN-P-0119,professional,0.686666,0.327132,0.028639,0.994753,125.030949
SYN-P-0120,professional,0.622839,0.127665,0.040619,0.935538,115.720357
SYN-P-0121,professional,0.833976,0.31093,0.049097,0.952303,121.233416
SYN-P-0122,professional,0.592538,0.099258,0.042499,0.97524,119.063468
SYN-P-0123,professional,0.39822,0.129107,0.083853,0.986138,117.434472
SYN-P-0124,professional,0.455476,0.19268,0.042163,0.99284,117.287751
SYN-P-0125,professional,0.754478,0.263585,0.04446,0.977012,116.911997
SYN-P-0126,professional,0.229156,0.351816,0.04908,0.98671,120.716138
SYN-P-0127,professional,0.902202,0.053909,0.042682,0.977874,114.445168
SYN-P-0128,professional,0.812187,0.150984,0.057294,0.947807,117.874204
SYN-P-0129,professional,0.461543,0.148624,0.032294,0.973503,117.327166
SYN-P-0130,professional,0.700899,0.173981,0.077708,0.973157,117.813565
SYN-P-0131,professional,0.866307,0.362795,0.070837,0.981162,116.870111
SYN-P-0132,professional,0.656642,0.26385,0.066605,0.96571,122.588407
SYN-P-0133,professional,0.639913,0.094219,0.026991,0.980533,120.619497
SYN-P-0134,professional,0.577055,0.376298,0.0,0.969765,127.240196
SYN-P-0135,professional,0.676645,0.185948,0.04074,0.987284,116.026571
SYN-P-0136,professional,0.782369,0.265648,0.03343,0.965896,119.485103
SYN-P-0137,professional,0.58347,0.256003,0.049949,0.981095,115.053258
SYN-P-0138,professional,0.398768,0.397055,0.06768,0.988631,124.207066
SYN-P-0139,professional,0.589051,0.354737,0.063001,0.964269,119.0745
SYN-P-0140,professional,0.493246,0.34345,0.054393,0.985666,119.880988
SYN-P-0141,professional,0.472684,0.277753,0.056751,0.968868,119.452421
SYN-P-0142,professional,0.647122,0.251791,0.048144,0.994089,113.968932
SYN-P-0143,professional,0.514096,0.295394,0.048866,0.95662,120.904239
SYN-P-0144,professional,0.609612,0.153826,0.060147,0.969793,120.354716
SYN-P-0145,professional,0.424301,0.330668,0.023164,0.975197,122.680838
SYN-P-0146,professional,0.340033,0.286831,0.038675,0.971136,126.455408
SYN-P-0147,professional,0.902043,0.412982,0.04602,0.985319,123.240699
SYN-P-0148,professional,0.475021,0.22393,0.028007,0.95851,114.760201
SYN-P-0149,professional,0.56045,0.261111,0.02158,0.952046,119.625287
SYN-P-0150,professional,1.135124,0.133099,0.016657,0.983486,121.31
SYN-P-0151,professional,0.504266,0.164033,0.038333,0.973419,122.645417
SYN-P-0152,professional,0.57882,0.203529,0.054014,1.0,120.379128
SYN-P-0153,professional,0.711881,0.348903,0.040941,0.971492,121.791545
SYN-P-0154,professional,0.424323,0.252342,0.033515,0.985199,123.14196
SYN-P-0155,professional,0.847146,0.324822,0.019951,0.981276,125.520885
SYN-P-0156,professional,0.509741,0.187556,0.021579,0.965829,122.766722
SYN-P-0157,professional,0.851562,0.344957,0.011066,0.974298,125.245115
SYN-P-0158,professional,0.559348,0.330282,0.070408,0.979245,114.551594
SYN-P-0159,professional,1.042239,0.310552,0.049178,0.984807,118.949488
SYN-P-0160,professional,0.36258,0.075996,0.056075,0.979492,121.390654
SYN-P-0161,professional,0.36627,0.136816,0.053948,0.983411,117.233705
SYN-P-0162,professional,0.571729,0.261838,0.051136,0.987576,119.337318
SYN-P-0163,professional,0.48223,0.261803,0.057039,0.954019,122.779697
SYN-P-0164,professional,0.619095,0.396949,0.069777,0.980245,122.176208
SYN-P-0165,professional,0.650946,0.397797,0.00463,0.983078,120.356004
SYN-P-0166,professional,0.716977,0.232697,0.028804,0.995502,113.022787
SYN-P-0167,professional,0.392509,0.29902,0.024887,0.978976,119.967337
SYN-P-0168,professional,0.710243,0.255009,0.028297,0.988568,121.016502
SYN-P-0169,professional,0.715291,0.292872,0.033535,0.983695,122.931172
SYN-P-0170,professional,0.910691,0.369346,0.043747,0.988239,110.611974
SYN-P-0171,professional,0.505251,0.257526,0.00381,0.96436,119.046894
SYN-P-0172,professional,0.593696,0.334888,0.026102,0.9744,116.986198
SYN-P-0173,professional,0.665188,0.191131,0.029323,0.988141,116.036554
SYN-P-0174,professional,0.285742,0.087751,0.0,0.952054,117.236546
SYN-P-0175,professional,0.7567,0.294939,0.012778,0.982019,118.213458
SYN-P-0176,professional,0.530698,0.218047,0.033347,0.982289,121.958369
SYN-P-0177,professional,0.803467,0.305127,0.04758,1.0,123.899739
SYN-P-0178,professional,0.605278,0.283035,0.050101,0.966539,116.712231
SYN-P-0179,professional,0.511391,0.28848,0.054028,0.964552,119.033772
SYN-P-0180,professional,0.804187,0.23348,0.056094,0.995816,122.39858
SYN-P-0181,professional,0.818311,0.298901,0.054247,0.978316,117.590401
SYN-P-0182,professional,0.485418,0.280875,0.015674,0.985318,120.772337
SYN-P-0183,professional,0.628502,0.340447,0.043746,0.987992,126.045205
SYN-P-0184,professional,0.682256,0.193227,0.060583,0.981243,118.665877
SYN-P-0185,professional,0.712769,0.154215,0.042175,0.958653,115.444621
SYN-P-0186,professional,0.747967,0.300801,0.084134,0.959316,113.334548
SYN-P-0187,professional,0.852082,0.245067,0.023099,1.0,113.390083
SYN-P-0188,professional,0.905682,0.23265,0.019074,0.96338,116.300791
SYN-P-0189,professional,0.710543,0.389832,0.042087,0.97647,127.617629
SYN-P-0190,professional,0.740905,0.233921,0.053401,0.990071,121.099627
SYN-P-0191,professional,0.832628,0.293928,0.057375,0.976702,128.433535
SYN-P-0192,professional,0.673047,0.255242,0.0,1.0,124.391534
SYN-P-0193,professional,0.689043,0.217705,0.008053,0.968871,125.14065
SYN-P-0194,professional,0.607422,0.22432,0.054135,0.989187,119.509964
SYN-P-0195,professional,0.863355,0.307352,0.05698,0.965027,118.152284
SYN-P-0196,professional,0.68016,0.321873,0.047557,0.969527,118.518624
SYN-P-0197,professional,0.587654,0.228892,0.018641,0.974553,119.973458
SYN-P-0198,professional,0.448141,0.306989,0.037917,0.967021,123.098402
SYN-P-0199,professional,0.773597,0.373441,0.02407,0.972572,117.145235
SYN-P-0200,professional,0.37697,0.119149,0.036132,0.979054,121.884838
SYN-P-0201,professional,0.578346,0.324942,0.073887,0.960761,122.302226
SYN-P-0202,professional,0.690608,0.196873,0.034265,0.981794,118.564854
SYN-P-0203,professional,0.626306,0.218666,0.038989,0.947574,119.507418
SYN-P-0204,professional,0.603967,0.218538,0.040452,0.979785,117.383402
SYN-P-0205,professional,0.375883,0.302252,0.051763,0.988768,122.074093
SYN-P-0206,professional,0.636467,0.33999,0.051301,0.9914,120.869157
SYN-P-0207,professional,0.864287,0.262802,0.047055,0.97695,121.154634
SYN-P-0208,professional,0.364666,0.235705,0.028967,0.954576,116.02419
SYN-P-0209,professional,0.783829,0.134051,0.024593,0.971312,117.148689
SYN-P-0210,professional,0.76402,0.093535,0.052622,0.98586,124.30564
SYN-P-0211,professional,1.034046,0.282721,0.061985,0.983214,125.858219
SYN-P-0212,professional,0.467978,0.213262,0.024545,0.981266,127.631755
SYN-P-0213,professional,0.611677,0.276311,0.0441,0.963246,121.159571
SYN-P-0214,professional,0.557782,0.238238,0.036647,0.997803,114.385519
SYN-P-0215,professional,0.584481,0.257353,0.039538,0.959603,121.963016
SYN-P-0216,professional,0.628397,0.297919,0.038734,0.96381,116.586737
SYN-P-0217,professional,0.57361,0.315656,0.068475,0.969518,114.851023
SYN-P-0218,professional,0.595884,0.25836,0.044755,0.96551,125.549194
SYN-P-0219,professional,0.672821,0.421081,0.062336,0.985369,120.009421
SYN-P-0220,professional,0.874251,0.332547,0.018167,0.981998,125.45116
SYN-P-0221,professional,0.616257,0.22323,0.047803,0.979602,115.147918
SYN-P-0222,professional,0.655258,0.242243,0.071902,0.990016,116.514757
SYN-P-0223,professional,0.614539,0.293154,0.078661,0.960919,119.409422
SYN-P-0224,professional,0.695831,0.169153,0.030452,0.974145,115.709408
SYN-P-0225,professional,0.858709,0.182341,0.054871,0.950709,121.371148
SYN-P-0226,professional,0.582779,0.394169,0.041326,0.958221,124.342811
SYN-P-0227,professional,0.518521,0.187661,0.068091,1.0,113.203966
SYN-P-0228,professional,0.727052,0.311062,0.021837,0.980252,122.383949
SYN-P-0229,professional,0.450198,0.170658,0.00061,0.973303,120.642699
SYN-P-0230,professional,0.696772,0.339697,0.051202,1.0,120.564285
SYN-P-0231,professional,0.610734,0.243642,0.034962,0.961592,119.797336
SYN-P-0232,professional,0.8793,0.39868,0.045823,0.989874,111.33379
SYN-P-0233,professional,0.685184,0.276605,0.013538,0.970414,118.733077
SYN-P-0234,professional,0.785324,0.217405,0.020866,0.975434,121.102351
SYN-P-0235,professional,0.777197,0.374491,0.030126,0.955005,122.267356
SYN-P-0236,professional,0.626456,0.224035,0.034814,0.968201,112.338339
SYN-P-0237,professional,0.499628,0.428047,0.02504,0.967822,122.06601
SYN-P-0238,professional,0.945144,0.390173,0.01667,0.97098,118.287489
SYN-P-0239,professional,0.506464,0.176887,0.05057,0.987617,119.504165
SYN-P-0240,professional,0.625489,0.224517,0.041666,0.958113,121.053264
SYN-P-0241,professional,0.482206,0.293486,0.051559,0.945028,122.525594
SYN-P-0242,professional,0.617883,0.423516,0.066761,0.974714,118.038199
SYN-P-0243,professional,0.713016,0.388827,0.032123,0.982335,117.638176
SYN-P-0244,professional,0.437216,0.214845,0.049574,0.974297,120.195721
SYN-P-0245,professional,0.731119,0.278138,0.006688,0.978319,115.725132
SYN-P-0246,professional,0.649818,0.400948,0.044043,1.0,118.699777
SYN-P-0247,professional,0.812948,0.217009,0.02244,0.966919,123.879051
SYN-P-0248,professional,0.773126,0.191354,0.055936,0.993484,115.530285
SYN-P-0249,professional,0.393494,0.289072,0.020961,0.965414,118.137318
SYN-P-0250,professional,0.608403,0.278604,0.031568,0.981091,125.407958
SYN-P-0251,professional,0.489917,0.167246,0.038492,0.975745,121.180701
SYN-P-0252,professional,0.916837,0.277228,0.017241,0.973343,121.670675
SYN-P-0253,professional,0.60738,0.187605,0.01097,0.984994,122.990115
SYN-P-0254,professional,0.680362,0.285881,0.054908,0.958895,122.6531
SYN-P-0255,professional,0.595206,0.264308,0.04131,0.962755,121.953709
SYN-P-0256,professional,0.436997,0.295519,0.062654,1.0,116.470457
SYN-P-0257,professional,0.685813,0.256095,0.042464,0.992438,117.618624
SYN-P-0258,professional,0.403676,0.265765,0.048077,0.98149,114.620431
SYN-P-0259,professional,0.622007,0.429255,0.026678,0.997411,120.100312
SYN-P-0260,professional,0.628638,0.411181,0.022009,1.0,112.815729
SYN-P-0261,professional,0.743768,0.295852,0.047819,0.965282,111.712996
SYN-P-0262,professional,0.555698,0.133976,0.035532,0.960961,117.364597
SYN-P-0263,professional,0.648222,0.259683,0.054809,0.985087,116.076527
SYN-P-0264,professional,0.518564,0.222447,0.04,0.99104,121.08168
SYN-P-0265,professional,0.788525,0.328945,0.057982,0.964835,126.347022
SYN-P-0266,professional,0.633387,0.141875,0.02673,0.971991,124.247753
SYN-P-0267,professional,0.51968,0.340519,0.025781,0.961153,123.093239
SYN-P-0268,professional,0.431769,0.350297,0.02744,0.967879,123.107473
SYN-P-0269,professional,0.721831,0.340491,0.067962,0.972089,115.071866
SYN-P-0270,professional,0.78417,0.224867,0.029003,0.979632,120.728449
SYN-P-0271,professional,0.913613,0.211675,0.04611,0.981843,119.391043
SYN-P-0272,professional,0.806991,0.332876,0.057,0.968168,119.981893
SYN-P-0273,professional,0.578192,0.404296,0.071734,0.96772,115.922967
SYN-P-0274,professional,0.806605,0.066195,0.064334,0.968211,117.834502
SYN-P-0275,professional,0.860138,0.333285,0.045739,0.964141,118.254062
SYN-P-0276,professional,0.783713,0.330117,0.065779,0.986994,126.005292
SYN-P-0277,professional,0.669682,0.272597,0.023208,0.968917,124.758849
SYN-P-0278,professional,0.932287,0.209865,0.037323,0.98474,117.979382
SYN-P-0279,professional,0.827196,0.263634,0.058053,0.981431,114.912045
SYN-P-0280,professional,0.66426,0.183816,0.068881,0.988327,117.692873
SYN-P-0281,professional,0.552316,0.325676,0.049884,0.987479,126.136566
SYN-P-0282,professional,0.443087,0.188301,0.031724,0.975671,124.172508
SYN-P-0283,professional,0.900942,0.284824,0.051196,1.0,119.653185
SYN-P-0284,professional,0.776789,0.270209,0.037282,0.966455,115.023597
SYN-P-0285,professional,0.613244,0.17537,0.034394,0.989866,119.087661
SYN-P-0286,professional,0.807798,0.303079,0.059596,0.972554,124.723088
SYN-P-0287,professional,0.508056,0.233772,0.031664,0.992781,116.8954
SYN-P-0288,professional,0.738347,0.234497,0.047789,0.98496,118.246285
SYN-P-0289,professional,0.800327,0.193559,0.020264,0.978837,122.208991
SYN-P-0290,professional,0.753702,0.268741,0.037661,0.980475,114.467095
SYN-P-0291,professional,0.684612,0.344297,0.086962,0.978638,117.399238
SYN-P-0292,professional,0.384717,0.255546,0.018963,0.946451,119.035458
SYN-P-0293,professional,0.897638,0.332609,0.009867,0.998837,124.894598
SYN-P-0294,professional,0.748475,0.315428,0.028415,0.954198,121.42755
SYN-P-0295,professional,0.914763,0.294002,0.057108,0.942973,119.196951
SYN-P-0296,professional,0.641641,0.388995,0.018251,0.968704,117.741836
SYN-P-0297,professional,0.843881,0.21669,0.048748,0.969117,116.63834
SYN-P-0298,professional,0.61603,0.202366,0.025761,0.958336,120.489785
SYN-P-0299,professional,0.396656,0.202443,0.019386,0.98725,120.373521
SYN-P-0300,professional,0.788565,0.256242,0.063908,1.0,118.639998
SYN-P-0301,professional,0.560545,0.282113,0.052645,0.989424,121.072615
SYN-P-0302,professional,0.70641,0.408474,0.06246,1.0,122.355779
SYN-P-0303,professional,0.769969,0.197684,0.067662,0.982744,120.204052
SYN-P-0304,professional,0.867581,0.161048,0.048628,0.986101,118.576273
SYN-P-0305,professional,0.536783,0.188175,0.017792,0.998376,117.46234
SYN-P-0306,professional,0.839369,0.305386,0.033637,0.981595,117.186077
SYN-P-0307,professional,0.496594,0.347082,0.014913,0.991319,119.169723
SYN-P-0308,professional,0.647457,0.382884,0.029789,0.940588,115.194372
SYN-P-0309,professional,0.645977,0.322164,0.02717,1.0,120.654672
SYN-P-0310,professional,0.561995,0.155174,0.0,1.0,125.601502
SYN-P-0311,professional,0.63754,0.404184,0.04275,0.967462,119.579038
SYN-P-0312,professional,0.56974,0.142231,0.020391,0.954697,118.714202
SYN-P-0313,professional,0.701843,0.224214,0.058131,0.986653,124.610531
SYN-P-0314,professional,0.590699,0.216345,0.036139,0.984131,119.578515
SYN-P-0315,professional,0.559763,0.331396,0.060991,0.993095,120.190994
SYN-P-0316,professional,0.512649,0.278964,0.08313,0.98913,119.958092
SYN-P-0317,professional,0.69061,0.449739,0.071206,0.974904,118.946933
SYN-P-0318,professional,0.66667,0.190807,0.056975,0.992187,117.6757
SYN-P-0319,professional,0.936578,0.360153,0.063439,0.962713,126.357103
SYN-P-0320,professional,0.914892,0.352394,0.051686,0.979785,124.635038
SYN-P-0321,professional,0.860851,0.261339,0.032696,0.944884,119.382044
SYN-P-0322,professional,0.639129,0.220069,0.031342,0.987739,122.971766
SYN-P-0323,professional,0.63853,0.324838,0.0,0.976841,120.241162
SYN-P-0324,professional,0.474439,0.24836,0.060103,0.95889,120.121248
SYN-P-0325,professional,0.290958,0.177638,0.03621,1.0,122.037426
SYN-P-0326,professional,0.383939,0.37347,0.067327,1.0,118.532534
SYN-P-0327,professional,0.545648,0.184282,0.03278,0.984982,121.028736
SYN-P-0328,professional,0.538825,0.337439,0.015961,0.958607,118.45337
SYN-P-0329,professional,0.794011,0.340861,0.0,0.992601,123.534125
SYN-P-0330,professional,0.863754,0.246374,0.023577,0.970754,121.10673
SYN-P-0331,professional,0.639452,0.290104,0.021841,0.98767,119.720769
SYN-P-0332,professional,0.622631,0.36912,0.064777,0.96451,122.893806
SYN-P-0333,professional,0.601882,0.298935,0.035043,0.957872,115.516295
SYN-P-0334,professional,0.519221,0.33025,0.027158,0.984706,118.971054
SYN-P-0335,professional,0.612199,0.347713,0.052578,0.972818,116.743648
SYN-P-0336,professional,0.753737,0.169834,0.049035,1.0,124.991318
SYN-P-0337,professional,0.628484,0.336723,0.022959,0.966073,121.206859
SYN-P-0338,professional,1.071224,0.23326,0.058645,0.973815,112.421452
SYN-P-0339,professional,0.718608,0.203562,0.055766,0.993994,122.812242
SYN-P-0340,professional,0.417335,0.223389,0.024969,0.989122,123.357644
SYN-P-0341,professional,0.673209,0.304524,0.044065,0.961973,117.257153
SYN-P-0342,professional,0.512506,0.33813,0.032398,0.972088,115.638865
SYN-P-0343,professional,0.639843,0.389528,0.029046,0.977377,120.62573
SYN-P-0344,professional,0.876381,0.536946,0.017626,0.986361,121.850235
SYN-P-0345,professional,0.759508,0.272234,0.058246,0.975106,120.480709
SYN-P-0346,professional,0.662089,0.427384,0.069694,0.993836,121.403977
SYN-P-0347,professional,0.527271,0.125781,0.063571,0.972787,122.695525
SYN-P-0348,professional,0.350536,0.242655,0.078657,0.96514,115.816002
SYN-P-0349,professional,0.565975,0.333694,0.071972,0.971279,123.386135
SYN-P-0350,professional,0.467111,0.130511,0.048896,0.975559,119.489908
SYN-P-0351,professional,0.21931,0.336684,0.072887,0.979183,118.484285
SYN-P-0352,professional,0.779754,0.357797,0.055694,0.973468,124.733441
SYN-P-0353,professional,0.587503,0.174514,0.049808,0.969241,124.439095
SYN-P-0354,professional,0.417028,0.363126,0.060493,0.982675,120.53378
SYN-P-0355,professional,0.487017,0.241626,0.039078,0.964338,114.293012
SYN-P-0356,professional,0.365552,0.275084,0.057995,0.967574,121.926122
SYN-P-0357,professional,0.698805,0.169457,0.027217,0.994618,120.087111
SYN-P-0358,professional,0.735048,0.115865,0.027739,0.986117,118.44528
SYN-P-0359,professional,0.45027,0.275843,0.010125,0.977157,125.81419
SYN-P-0360,professional,0.624685,0.06732,0.049137,0.952945,115.190027
SYN-P-0361,professional,0.611618,0.162673,0.061492,0.978669,128.542107
SYN-P-0362,professional,0.768706,0.239208,0.022235,0.961056,119.616558
SYN-P-0363,professional,0.494555,0.217303,0.033252,0.948001,120.296947
SYN-P-0364,professional,0.722789,0.275393,0.059189,0.992323,121.137854
SYN-P-0365,professional,0.659818,0.101526,0.029796,0.992385,115.012284
SYN-P-0366,professional,0.710211,0.249671,0.034902,0.991777,112.670248
SYN-P-0367,professional,0.907214,0.137421,0.029954,0.986441,113.62884
SYN-P-0368,professional,0.871486,0.142817,0.028973,0.978255,119.127785
SYN-P-0369,professional,0.699002,0.314139,0.045999,0.959344,121.281453
SYN-P-0370,professional,0.578755,0.093598,0.040874,1.0,123.993747
SYN-P-0371,professional,0.682279,0.297755,0.038615,1.0,119.742796
SYN-P-0372,professional,0.765936,0.279206,0.025012,0.972449,127.516451
SYN-P-0373,professional,0.706797,0.101454,0.002163,0.988312,121.830726
SYN-P-0374,professional,0.60269,0.335024,0.047376,0.98958,119.794495
SYN-P-0375,professional,0.675104,0.269228,0.042672,0.989354,122.220915
SYN-P-0376,professional,0.666357,0.297948,0.063719,1.0,115.950481
SYN-P-0377,professional,0.808763,0.248809,0.046503,0.969229,122.364099
SYN-P-0378,professional,0.663695,0.290359,0.028139,0.975945,117.883006
SYN-P-0379,professional,0.492274,0.200269,0.057948,1.0,126.660063
SYN-P-0380,professional,0.241824,0.321082,0.033711,0.983695,119.062687
SYN-P-0381,professional,0.550507,0.16426,0.051718,0.954898,120.288839
SYN-P-0382,professional,0.613031,0.269548,0.039636,0.969187,124.450123
SYN-P-0383,professional,0.511156,0.13596,0.063493,0.990702,122.736957
SYN-P-0384,professional,0.714813,0.35173,0.001227,0.982666,123.498461
SYN-P-0385,professional,0.602812,0.283633,0.049056,0.995626,115.292576
SYN-P-0386,professional,0.711944,0.171433,0.037384,0.994394,104.767183
SYN-P-0387,professional,0.730238,0.344364,0.06146,0.980084,120.606006
SYN-P-0388,professional,0.840798,0.245615,0.040821,0.963566,121.028246
SYN-P-0389,professional,0.618262,0.322827,0.009536,0.974481,116.557032
SYN-P-0390,professional,0.818124,0.317616,0.061739,0.975727,118.79384
SYN-P-0391,professional,0.522017,0.414807,0.047546,0.976075,121.824825
SYN-P-0392,professional,1.004308,0.184028,0.039219,0.980927,118.212394
SYN-P-0393,professional,0.402508,0.257871,0.02272,0.968171,122.844829
SYN-P-0394,professional,0.72533,0.324108,0.017135,0.976039,113.497506
SYN-P-0395,professional,0.596515,0.209351,0.010651,0.964019,117.588345
SYN-P-0396,professional,0.489232,0.198367,0.066496,0.988126,124.124158
SYN-P-0397,professional,0.853701,0.088075,0.05596,0.990581,119.877223
SYN-P-0398,professional,0.491163,0.222767,0.037942,0.95861,113.576748
SYN-P-0399,professional,0.64168,0.307884,0.059895,0.996181,126.936008
SYN-P-0400,professional,0.925816,0.322485,0.014796,0.98529,110.790591
SYN-P-0401,professional,0.966793,0.163807,0.027943,0.971456,126.693953
SYN-P-0402,professional,0.604436,0.311361,0.043256,0.992961,122.806772
SYN-P-0403,professional,0.632971,0.296285,0.056306,0.990677,117.851597
SYN-P-0404,professional,0.599315,0.221687,0.027637,0.984293,119.283919
SYN-P-0405,professional,0.486084,0.267728,0.034294,0.967306,124.68973
SYN-P-0406,professional,0.719498,0.214883,0.032116,0.992277,114.301257
SYN-P-0407,professional,0.716288,0.389291,0.056001,0.945652,114.376826
SYN-P-0408,professional,0.603912,0.331494,0.068428,0.971745,122.930826
SYN-P-0409,professional,0.606334,0.308385,0.033278,0.972662,118.390871
SYN-P-0410,professional,0.797233,0.311545,0.023735,0.993002,116.384375
SYN-P-0411,professional,0.768847,0.199291,0.093095,0.966938,124.302434
SYN-P-0412,professional,0.532178,0.394448,0.02291,0.963331,121.429171
SYN-P-0413,professional,0.969975,0.380121,0.059938,0.992992,117.568723
SYN-P-0414,professional,0.593038,0.162499,0.046882,0.994993,114.37718
SYN-P-0415,professional,0.617023,0.241875,0.046797,0.994998,120.437654
SYN-P-0416,professional,0.757211,0.192098,0.035579,0.984629,121.630515
SYN-P-0417,professional,0.898734,0.271457,0.038962,0.987772,115.219212
SYN-P-0418,professional,0.466213,0.072534,0.057851,0.98792,116.126853
SYN-P-0419,professional,0.915878,0.209262,0.01793,0.962439,121.506642
SYN-P-0420,professional,0.742755,0.228146,0.037756,0.957674,120.015565
SYN-P-0421,professional,0.677865,0.269886,0.058701,0.973368,115.498001
SYN-P-0422,professional,0.440841,0.155054,0.038464,0.977933,122.409143
SYN-P-0423,professional,0.659666,0.24434,0.036677,0.974107,117.936685
SYN-P-0424,professional,0.540925,0.293986,0.082553,1.0,125.121084
SYN-P-0425,professional,0.713521,0.2186,0.036375,0.976332,121.419337
SYN-P-0426,professional,0.786062,0.28512,0.044467,0.97023,124.934303
SYN-P-0427,professional,0.441714,0.28688,0.032119,0.976901,124.711893
SYN-P-0428,professional,0.634544,0.26574,0.036104,0.988255,118.282419
SYN-P-0429,professional,0.897719,0.128718,0.061662,0.980374,115.977098
SYN-P-0430,professional,0.594257,0.317493,0.016627,0.972796,123.515656
SYN-P-0431,professional,0.64245,0.33416,0.025718,0.962964,116.016438
SYN-P-0432,professional,1.024736,0.229401,0.032922,0.974535,115.015505
SYN-P-0433,professional,0.853672,0.238313,0.048694,0.97374,123.825574
SYN-P-0434,professional,0.785575,0.285887,0.042814,0.943585,122.971754
SYN-P-0435,professional,0.857807,0.294214,0.007925,0.970205,122.23022
SYN-P-0436,professional,0.951001,0.316139,0.030657,0.98627,119.717791
SYN-P-0437,professional,0.543615,0.331518,0.03301,0.981119,116.06551
SYN-P-0438,professional,0.598346,0.228817,0.019309,0.955329,115.058842
SYN-P-0439,professional,0.792008,0.271307,0.054911,0.978025,120.026693
SYN-P-0440,professional,0.44422,0.30787,0.062419,0.966218,125.004437
SYN-P-0441,professional,0.642209,0.356718,0.061762,0.970148,117.845842
SYN-P-0442,professional,0.443672,0.320489,0.022132,0.969674,119.176945
SYN-P-0443,professional,0.73694,0.260844,0.021777,0.993197,120.746894
SYN-P-0444,professional,0.533873,0.288209,0.024819,0.96328,115.483489
SYN-P-0445,professional,0.645717,0.227983,0.029152,0.962075,122.549683
SYN-P-0446,professional,0.52063,0.274629,0.047764,0.979744,117.418038
SYN-P-0447,professional,0.785484,0.315472,0.04021,0.991412,119.736492
SYN-P-0448,professional,0.779433,0.246266,0.0,0.949911,123.19243
SYN-P-0449,professional,0.651991,0.346683,0.05753,0.956772,117.08551
SYN-P-0450,professional,0.869485,0.319357,0.037232,0.969602,117.618417
SYN-P-0451,professional,0.841917,0.233575,0.027171,0.961402,120.668896
SYN-P-0452,professional,0.487777,0.355988,0.02621,0.976139,124.330027
SYN-P-0453,professional,0.683484,0.161235,0.034173,0.995904,121.20896
SYN-P-0454,professional,0.78672,0.34459,0.046476,0.972726,123.966931
SYN-P-0455,professional,0.848307,0.211136,0.035829,0.999182,124.021008
SYN-P-0456,professional,0.737536,0.293955,0.069315,0.996797,115.070429
SYN-P-0457,professional,0.742435,0.339941,0.0,0.96778,118.273657
SYN-P-0458,professional,0.681271,0.227006,0.034271,1.0,116.672884
SYN-P-0459,professional,0.682005,0.169806,0.045848,0.987733,120.221441
SYN-P-0460,professional,0.603598,0.28517,0.063073,0.984677,122.151224
SYN-P-0461,professional,0.576233,0.117684,0.050305,0.979714,119.53669
SYN-P-0462,professional,0.729322,0.341516,0.042547,0.973409,121.047211
SYN-P-0463,professional,0.594809,0.288141,0.00772,0.984136,115.777516
SYN-P-0464,professional,0.735166,0.315548,0.07909,1.0,112.705585
SYN-P-0465,professional,0.593977,0.288499,0.031736,0.972675,117.81298
SYN-P-0466,professional,0.543402,0.405542,0.041999,0.983206,115.82774
SYN-P-0467,professional,0.513889,0.264806,0.077419,0.973047,121.686874
SYN-P-0468,professional,0.68405,0.282659,0.051342,0.998032,117.986978
SYN-P-0469,professional,0.520411,0.350217,0.033302,0.989808,117.938397
SYN-P-0470,professional,0.563579,0.27342,0.043793,0.971841,119.391358
SYN-P-0471,professional,0.461507,0.346625,0.024713,0.995786,125.045286
SYN-P-0472,professional,0.967822,0.343695,0.064902,0.96662,113.608199
SYN-P-0473,professional,0.76267,0.221128,0.052914,0.982195,117.603882
SYN-P-0474,professional,0.64837,0.310716,0.059213,0.971855,118.156689
SYN-P-0475,professional,0.651938,0.336573,0.068047,0.98479,120.200167
SYN-P-0476,professional,0.7817,0.271211,0.043135,0.964216,121.758487
SYN-P-0477,professional,0.478696,0.383279,0.010295,0.964317,122.555825
SYN-P-0478,professional,0.421799,0.420633,0.052118,0.967284,122.786521
SYN-P-0479,professional,0.721186,0.208014,0.037649,0.993084,118.913518
SYN-P-0480,professional,0.498721,0.243636,0.030697,0.994313,118.638421
SYN-P-0481,professional,0.275272,0.161695,0.038525,0.960283,118.469636
SYN-P-0482,professional,0.674223,0.198453,0.008069,0.999,118.424071
SYN-P-0483,professional,0.526915,0.367514,0.058505,0.965818,114.189023
SYN-P-0484,professional,0.752623,0.29415,0.026538,0.98781,122.64639
SYN-P-0485,professional,0.652476,0.520953,0.032819,0.991735,118.468865
SYN-P-0486,professional,0.621284,0.237078,0.027411,0.985003,117.877924
SYN-P-0487,professional,0.590098,0.426875,0.035162,0.977886,119.787991
SYN-P-0488,professional,0.728981,0.176198,0.00889,0.938388,119.327098
SYN-P-0489,professional,0.470553,0.294678,0.059332,0.991952,126.752897
SYN-P-0490,professional,0.39704,0.159627,0.053539,0.943606,125.407332
SYN-P-0491,professional,0.580385,0.233588,0.014799,0.977791,115.406119
SYN-P-0492,professional,0.596696,0.209548,0.033749,0.971931,125.396278
SYN-P-0493,professional,0.728962,0.32981,0.026337,0.980297,125.642997
SYN-P-0494,professional,0.554337,0.42806,0.057381,0.99032,118.759843
SYN-P-0495,professional,0.712193,0.358828,0.05708,0.964288,118.322853
SYN-P-0496,professional,0.994083,0.123613,0.047382,0.985986,116.920242
SYN-P-0497,professional,0.629926,0.173781,0.024431,1.0,121.791292
SYN-P-0498,professional,0.791134,0.368303,0.024866,0.959777,112.972354
SYN-P-0499,professional,0.567347,0.41618,0.040894,0.945655,117.029963
SYN-P-0500,professional,0.716666,0.273691,0.066191,0.986445,117.697305
