name	metric	eyes	mouth	n_train	secs	config
baseline	0.5432	0.297	0.789	3266	123	{}
data_v2recipe	0.5876	0.380	0.795	1869	88	{"sources": ["palsy", "fnp", "yfp"], "tasks": ["binary", "eyes", "mouth"]}
data_no_coarse3	0.566	0.317	0.815	2526	113	{"sources": ["palsy", "fnp", "yfp", "kaggle"], "tasks": ["binary", "eyes", "mouth"]}
data_region_only	0.6089	0.349	0.869	1830	41	{"sources": ["fnp", "yfp"], "tasks": ["eyes", "mouth"]}
data_add_anisa_only	0.5668	0.323	0.811	2609	115	{"sources": ["palsy", "fnp", "yfp", "anisa"], "tasks": ["binary", "coarse3", "eyes", "mouth"]}
pool_mean	0.553	0.291	0.815	3266	132	{"temporal_pool": "mean"}
pool_max	0.5321	0.279	0.785	3266	134	{"temporal_pool": "max"}
reweight_proj128_ln	0.5922	0.373	0.812	3266	135	{"marlin_proj_dim": 128, "stream_layernorm": true}
trunk192	0.554	0.315	0.793	3266	136	{"trunk_hidden": 192}
temporal128	0.5529	0.304	0.802	3266	134	{"temporal_hidden": 128, "temporal_out": 128}
dropout03	0.4078	0.036	0.779	3266	136	{"dropout": 0.3}
lr1e-3	0.573	0.347	0.799	3266	130	{"lr": 0.001}
lr3e-4	0.4736	0.173	0.774	3266	131	{"lr": 0.0003}
wd1e-1	0.5359	0.285	0.787	3266	135	{"weight_decay": 0.1}
lw_region_up	0.5874	0.338	0.837	3266	132	{"loss_weights": {"binary": 0.3, "coarse3": 0.3, "eyes": 1.0, "mouth": 1.0}}
action_pool_attn	0.5788	0.366	0.791	3266	132	{"action_pool": "attention"}
r_only_s0	0.6089	0.349	0.869	1830	35	{"sources": ["fnp", "yfp"], "tasks": ["eyes", "mouth"]}
r_only_s1	0.5853	0.322	0.849	1830	37	{"sources": ["fnp", "yfp"], "tasks": ["eyes", "mouth"], "seed": 1}
r_only_s2	0.5679	0.309	0.827	1830	37	{"sources": ["fnp", "yfp"], "tasks": ["eyes", "mouth"], "seed": 2}
r_reweight_s0	0.6188	0.365	0.873	1830	39	{"sources": ["fnp", "yfp"], "tasks": ["eyes", "mouth"], "marlin_proj_dim": 128, "stream_layernorm": true}
r_reweight_s1	0.5867	0.380	0.793	1830	41	{"sources": ["fnp", "yfp"], "tasks": ["eyes", "mouth"], "marlin_proj_dim": 128, "stream_layernorm": true, "seed": 1}
r_reweight_s2	0.5711	0.311	0.831	1830	40	{"sources": ["fnp", "yfp"], "tasks": ["eyes", "mouth"], "marlin_proj_dim": 128, "stream_layernorm": true, "seed": 2}
r_reweight_lr1e3	0.6263	0.454	0.799	1830	43	{"sources": ["fnp", "yfp"], "tasks": ["eyes", "mouth"], "marlin_proj_dim": 128, "stream_layernorm": true, "lr": 0.001}
r_reweight_mean	0.6023	0.365	0.839	1830	47	{"sources": ["fnp", "yfp"], "tasks": ["eyes", "mouth"], "marlin_proj_dim": 128, "stream_layernorm": true, "temporal_pool": "mean"}
r_eyesup	0.6086	0.343	0.874	1830	43	{"sources": ["fnp", "yfp"], "tasks": ["eyes", "mouth"], "loss_weights": {"eyes": 1.0, "mouth": 0.5}}
r_reweight_eyesup	0.61	0.367	0.853	1830	41	{"sources": ["fnp", "yfp"], "tasks": ["eyes", "mouth"], "marlin_proj_dim": 128, "stream_layernorm": true, "loss_weights": {"eyes": 1.0, "mouth": 0.5}}
r_drop015	0.6168	0.363	0.870	1830	39	{"sources": ["fnp", "yfp"], "tasks": ["eyes", "mouth"], "dropout": 0.15}
r_proj64	0.5858	0.323	0.849	1830	41	{"sources": ["fnp", "yfp"], "tasks": ["eyes", "mouth"], "marlin_proj_dim": 64, "stream_layernorm": true}
r_temporal128	0.578	0.327	0.829	1830	39	{"sources": ["fnp", "yfp"], "tasks": ["eyes", "mouth"], "temporal_hidden": 128, "temporal_out": 128}
r_reweight_lr1e3_s1	0.622	0.425	0.819	1830	40	{"sources": ["fnp", "yfp"], "tasks": ["eyes", "mouth"], "marlin_proj_dim": 128, "stream_layernorm": true, "lr": 0.001, "seed": 1}
WIN_lr1e3_s0	0.6084	0.455	0.762	1830	303	{"sources": ["fnp", "yfp"], "tasks": ["eyes", "mouth"], "marlin_proj_dim": 128, "stream_layernorm": true, "lr": 0.001, "epochs": 80, "batch_size": 64}
WIN_lr1e3_s1	0.6203	0.420	0.821	1830	320	{"sources": ["fnp", "yfp"], "tasks": ["eyes", "mouth"], "marlin_proj_dim": 128, "stream_layernorm": true, "lr": 0.001, "epochs": 80, "batch_size": 64, "seed": 1}
WIN_lr1e3_s2	0.5857	0.444	0.728	1830	319	{"sources": ["fnp", "yfp"], "tasks": ["eyes", "mouth"], "marlin_proj_dim": 128, "stream_layernorm": true, "lr": 0.001, "epochs": 80, "batch_size": 64, "seed": 2}
WIN_lr5e4_s0	0.6013	0.361	0.842	1830	320	{"sources": ["fnp", "yfp"], "tasks": ["eyes", "mouth"], "marlin_proj_dim": 128, "stream_layernorm": true, "epochs": 80, "batch_size": 64}
WIN_lr5e4_s1	0.6273	0.453	0.801	1830	314	{"sources": ["fnp", "yfp"], "tasks": ["eyes", "mouth"], "marlin_proj_dim": 128, "stream_layernorm": true, "epochs": 80, "batch_size": 64, "seed": 1}
region_noreweight_s0	0.6173	0.391	0.843	1830	304	{"sources": ["fnp", "yfp"], "tasks": ["eyes", "mouth"], "epochs": 80, "batch_size": 64}
region_noreweight_s1	0.6501	0.417	0.883	1830	295	{"sources": ["fnp", "yfp"], "tasks": ["eyes", "mouth"], "epochs": 80, "batch_size": 64, "seed": 1}
v2ref_s0	0.6213	0.374	0.868	1869	511	{"sources": ["palsy", "fnp", "yfp"], "tasks": ["binary", "eyes", "mouth"], "epochs": 80, "batch_size": 64}
v2ref_s1	0.6562	0.475	0.837	1869	508	{"sources": ["palsy", "fnp", "yfp"], "tasks": ["binary", "eyes", "mouth"], "epochs": 80, "batch_size": 64, "seed": 1}
v2ref_s2	0.629	0.412	0.846	1869	511	{"sources": ["palsy", "fnp", "yfp"], "tasks": ["binary", "eyes", "mouth"], "epochs": 80, "batch_size": 64, "seed": 2}
